question_number,question_text,question_length,option1,option1_length,option2,option2_length,option3,option3_length,option4,option4_length,option_count,correct_answer_numbers,correct_answer_text,required,keyword,image,short_last_option
1,Người có Giấy phép lái xe mô tô hạng A1 được cấp sau ngày 01/01/2025 được phép điều khiển loại xe nào dưới đây?,111,Xe mô tô hai bánh có dung tích xi-lanh đến 125 cm3 hoặc có công suất động cơ điện đến 11 kW.,92,Xe mô tô ba bánh.,17,Cả hai ý trên.,14,,0,3,1,Xe mô tô hai bánh có dung tích xi-lanh đến 125 cm3 hoặc có công suất động cơ điện đến 11 kW.,True,xe mô tô,False,True
2,"Trong các biển dưới đây biển nào là biển ""Hết tốc độ tối thiểu""?",64,Biển 1.,7,Biển 2.,7,Biển 3.,8,Cả ba biển.,13,4,3,Biển 3.,True,tốc độ,True,False
3,"Người điều khiển phương tiện tham gia giao thông đường bộ phải quan sát, giảm tốc độ hoặc dừng lại để bảo đảm an toàn trong các trường hợp nào dưới đây?",152,Có báo hiệu cảnh báo nguy hiểm hoặc có chướng ngại vật trên đường; chuyển hướng xe chạy hoặc tầm nhìn bị hạn chế.,113,"Nơi cầu, cống hẹp, đập tràn, đường ngầm, hầm chui, hầm đường bộ; có vật nuôi đi trên đường hoặc chăn thả ở ven đường.",117,"Điểm dừng xe, đỗ xe trên đường bộ có khách đang lên, xuống xe.",62,Cả ba ý trên.,13,4,4,Cả ba ý trên.,True,tốc độ,False,True
4,"Trong các biển dưới đây biển nào là biển ""Hết mọi lệnh cấm""?",60,Biển 1.,7,Biển 2.,7,Biển 3.,7,Cả ba biển.,13,4,2,Biển 2.,True,biển,True,False
5,"Trong hình dưới, những xe nào vi phạm quy tắc giao thông?",57,"Xe con (B), xe mô tô (C).",25,"Xe con (A), xe mô tô (C).",25,"Xe con (E), xe mô tô (D).",25,Tất cả các loại xe trên.,24,4,3,"Xe con (E), xe mô tô (D).",True,giao thông,False,False
6,Khi gặp hiệu lệnh điều khiển của Cảnh sát giao thông như hình dưới đây thì người tham gia giao thông đường bộ phải đi như thế nào là đúng quy tắc giao thông?,157,Người tham gia giao thông đường bộ ở các hướng phải dừng lại.,61,Người tham gia giao thông đường bộ ở các hướng được đi theo chiều gậy chỉ của Cảnh sát giao thông.,98,Người tham gia giao thông đường bộ ở phía trước và phía sau người điều khiển được đi tất cả các hướng; người tham gia giao thông đường bộ ở phía bên phải và phía bên trái người điều khiển phải dừng lại.,202,Người tham gia giao thông đường bộ ở phía trước và phía sau người điều khiển phải dừng lại; người tham gia giao thông đường bộ ở phía bên phải và phía bên trái người điều khiển được đi tất cả các hướng.,202,4,4,Người tham gia giao thông đường bộ ở phía trước và phía sau người điều khiển phải dừng lại; người tham gia giao thông đường bộ ở phía bên phải và phía bên trái người điều khiển được đi tất cả các hướng.,True,giao thông,False,False
7,Biển phụ đặt dưới biển cấm bóp còi có ý nghĩa như thế nào?,58,Báo khoảng cách đến nơi cấm bóp còi.,36,Chiều dài đoạn đường cấm bóp còi từ nơi đặt biển.,49,Báo cấm dùng còi có độ vang xa 500m.,36,,0,3,2,Chiều dài đoạn đường cấm bóp còi từ nơi đặt biển.,True,biển,False,False
8,Biển nào báo hiệu nguy hiểm giao nhau với đường sắt?,52,Biển 1 và Biển 2.,17,Biển 1 và Biển 3.,17,Biển 2 và Biển 3.,17,Cả ba biển.,11,4,2,Biển 1 và Biển 3.,True,biển,True,False
9,"Khi đang lái xe, phía trước có một xe Cảnh sát giao thông không phát tín hiệu ưu tiên, người lái xe có được phép vượt hay không?",128,Không được vượt.,16,Được phép vượt ở phần đường dành cho người đi bộ qua đường.,59,Được vượt khi bảo đảm an toàn.,30,,0,3,3,Được vượt khi bảo đảm an toàn.,True,giao thông,False,True
10,Biển nào cấm máy kéo?,21,Biển 1.,7,Biển 2 và biển 3.,19,Biển 1 và biển 3.,19,Cả ba biển.,13,4,2,Biển 2 và biển 3.,True,biển,True,False
11,Biển nào chỉ dẫn người lái xe đi được cả hai hướng?,51,Biển 1.,7,Biển 2.,7,,0,,0,2,2,Biển 2.,True,biển,True,False
12,"Theo hướng mũi tên, thứ tự các xe đi như thế nào là đúng quy tắc giao thông?",76,"Xe con (A), xe mô tô, xe con (B), xe đạp.",41,"Xe con (B), xe đạp, xe mô tô, xe con (A).",41,"Xe con (A), xe con (B), xe mô tô + xe đạp.",42,"Xe mô tô + xe đạp, xe con (A), xe con (B).",42,4,4,"Xe mô tô + xe đạp, xe con (A), xe con (B).",True,giao thông,False,False
13,"Biển nào là biển ""Tốc độ tối đa cho phép về ban đêm""?",53,Biển 1.,7,Biển 2.,7,Cả hai biển.,12,,0,3,1,Biển 1.,True,tốc độ,True,False
14,"Trên đường bộ (trừ đường cao tốc) trong khu vực đông dân cư, đường hai chiều hoặc đường một chiều có một làn xe cơ giới, xe mô tô hai bánh, ô tô chở người đến 28 chỗ không kể chỗ của người lái xe tham gia giao thông với tốc độ khai thác tối đa cho phép là bao nhiêu?",266,60 km/h.,8,50 km/h.,8,40 km/h.,8,,0,3,2,50 km/h.,True,xe mô tô,False,False
15,"Biển nào dưới đây là biển ""Cầu hẹp""?",36,Biển 1.,7,Biển 2.,7,Biển 3.,7,,0,3,2,Biển 2.,True,biển,True,False
16,Phần của đường bộ được sử dụng cho phương tiện giao thông đường bộ đi lại là gì?,80,Phần mặt đường và lề đường.,27,Phần đường xe chạy.,19,Phần đường xe cơ giới.,22,,0,3,2,Phần đường xe chạy.,True,giao thông,False,False
17,"Theo hướng mũi tên, thứ tự các xe đi như thế nào là đúng quy tắc giao thông?",76,"Xe tải, xe khách, xe con, xe mô tô.",35,"Xe tải, xe mô tô, xe khách, xe con.",35,"Xe khách, xe tải, xe con, xe mô tô.",35,"Xe mô tô, xe khách, xe tải, xe con.",35,4,2,"Xe tải, xe mô tô, xe khách, xe con.",True,giao thông,False,False
18,Biển nào chỉ dẫn cho người đi bộ sử dụng cầu vượt qua đường?,60,Biển 1.,7,Biển 2,6,Cả hai biển,13,Không biển nào.,17,4,1,Biển 1.,True,biển,True,False
19,Các xe đi theo thứ tự nào là đúng quy tắc giao thông đường bộ?,62,"Xe của bạn, xe mô tô, xe con.",29,"Xe con, xe của bạn, xe mô tô.",29,"Xe mô tô, xe con, xe của bạn.",29,,0,3,3,"Xe mô tô, xe con, xe của bạn.",True,giao thông,False,False
20,Người lái xe phải làm gì để bảo đảm an toàn khi lái xe trên đường cong có tầm nhìn bị hạn chế?,94,"Quan sát, giảm tốc độ hoặc dừng lại để bảo đảm an toàn.",55,Đi sang làn đường của xe ngược chiều để mở rộng tầm nhìn và vượt xe khác.,73,"Cho xe đi sát bên phải làn đường, bật tín hiệu báo hiệu để vượt bên phải xe khác.",81,,0,3,1,"Quan sát, giảm tốc độ hoặc dừng lại để bảo đảm an toàn.",True,an toàn,False,False
21,"Trong tình huống dưới đây, xe đầu kéo kéo rơ moóc (xe container) đang rẽ phải, xe con màu xanh và xe máy phía sau xe container đi như thế nào để bảo đảm an toàn?",161,Vượt về phía bên phải để đi tiếp.,33,Giảm tốc độ chờ xe container rẽ xong rồi tiếp tục đi.,53,Vượt về phía bên trái để đi tiếp.,33,,0,3,2,Giảm tốc độ chờ xe container rẽ xong rồi tiếp tục đi.,False,xe con,False,False
22,"Khi điều khiển xe mô tô tay ga xuống đường dốc dài, độ dốc cao, người lái xe cần thực hiện các thao tác nào dưới đây để bảo đảm an toàn?",136,"Giữ tay ga ở mức độ phù hợp, sử dụng phanh trước và phanh sau để giảm tốc độ.",77,"Nhả hết tay ga, tắt động cơ, sử dụng phanh trước và phanh sau để giảm tốc độ.",77,Sử dụng phanh trước để giảm tốc độ kết hợp với tắt chìa khóa điện của xe.,73,,0,3,1,"Giữ tay ga ở mức độ phù hợp, sử dụng phanh trước và phanh sau để giảm tốc độ.",False,xe mô tô,False,False
23,"Khi đang lái xe mô tô hoặc ô tô, nếu có nhu cầu sử dụng điện thoại để nhắn tin hoặc gọi điện, người lái xe phải thực hiện như thế nào trong các tình huống nêu dưới đây?",168,Giảm tốc độ để bảo đảm an toàn với xe phía trước và sử dụng điện thoại để liên lạc.,83,Giảm tốc độ để dừng xe ở nơi cho phép sau đó sử dụng điện thoại để liên lạc.,76,Tăng tốc độ để cách xa xe phía sau và sử dụng điện thoại để liên lạc.,69,,0,3,2,Giảm tốc độ để dừng xe ở nơi cho phép sau đó sử dụng điện thoại để liên lạc.,False,xe mô tô,False,False
24,"Người được chở trên xe mô tô hai bánh, xe mô tô ba bánh, xe gắn máy khi tham gia giao thông đường bộ không được thực hiện hành vi nào sau đây?",142,"Mang, vác vật cồng kềnh.",24,"Bám, kéo hoặc đẩy các phương tiện khác.",39,Dùng tay cầm điện thoại hoặc các thiết bị điện tử khác.,55,Ý 1 và ý 2.,11,4,4,Ý 1 và ý 2.,False,xe mô tô,False,True
25,Trong trường hợp này xe nào đỗ vi phạm quy tắc giao thông?,58,Xe tải.,7,Xe con và mô tô.,16,Cả ba xe.,9,Xe con và xe tải.,17,4,1,Xe tải.,False,giao thông,False,False
26,"Để tránh đổ, ngã khi điều khiển xe mô tô hai bánh ở nơi đường xấu, nhỏ và hẹp, người lái xe cần xử lý như thế nào?",114,"Đi ở tốc độ thấp, quan sát liên tục khoảng cách từ 05 m đến 10 m phía trước để điều chỉnh sớm hướng di chuyển.",110,Trong quá trình di chuyển không nên dùng phanh trước tránh làm khóa bánh dẫn hướng.,83,"Không được lắc người sang trái hoặc phải nhiều, trọng tâm cơ thể cần trùng với trọng tâm của xe.",96,Cả ba ý trên.,13,4,4,Cả ba ý trên.,False,xe mô tô,False,True
27,"Theo tín hiệu đèn, xe nào được phép đi?",39,Xe con và xe khách.,19,Xe mô tô.,9,,0,,0,2,1,Xe con và xe khách.,False,đèn,False,True
28,Biển số 1 có ý nghĩa như thế nào?,33,Đi thẳng hoặc rẽ trái trên cầu vượt.,36,Đi thẳng hoặc rẽ phải trên cầu vượt.,36,Báo hiệu cầu vượt liên thông.,29,,0,3,3,Báo hiệu cầu vượt liên thông.,False,biển,False,False
29,"Biển nào báo hiệu ""Đường dành cho xe thô sơ""?",45,Biển 1.,7,Biển 2.,7,Biển 3.,7,,0,3,1,Biển 1.,False,biển,True,False
30,"Khi điều khiển xe chạy trên đường, biết có xe sau xin vượt, nếu đủ điều kiện an toàn người điều khiển phương tiện phải làm gì?",126,"Tăng tốc độ và ra hiệu cho xe sau vượt, không được gây trở ngại cho xe xin vượt.",80,"Giảm tốc độ, có tín hiệu rẽ phải để báo hiệu cho người điều khiển phương tiện tham gia giao thông đường bộ phía sau biết được vượt và đi sát về bên phải của phần đường xe chạy cho đến khi xe sau đã vượt qua, không được cản trở đối với xe xin vượt.",247,"Cho xe đi sát về bên trái của phần đường xe chạy và ra hiệu cho xe sau vượt, không được gây trở ngại cho xe xin vượt.",117,,0,3,2,"Giảm tốc độ, có tín hiệu rẽ phải để báo hiệu cho người điều khiển phương tiện tham gia giao thông đường bộ phía sau biết được vượt và đi sát về bên phải của phần đường xe chạy cho đến khi xe sau đã vượt qua, không được cản trở đối với xe xin vượt.",False,an toàn,False,False
31,"Người lái xe phải giảm tốc độ thấp hơn tốc độ tối đa cho phép đến mức cần thiết, chú ý quan sát và chuẩn bị sẵn sàng những tình huống có thể xảy ra để phòng ngừa tai nạn trong các trường hợp nào dưới đây?",204,Gặp biển báo nguy hiểm và cảnh báo trên đường.,46,Gặp biển chỉ dẫn trên đường.,28,Gặp biển báo hết mọi lệnh cấm.,30,Gặp biển báo hết hạn chế tốc độ tối đa cho phép.,48,4,1,Gặp biển báo nguy hiểm và cảnh báo trên đường.,False,tốc độ,False,False
32,Biển nào xe mô tô hai bánh không được đi vào?,45,Biển 1.,7,Biển 2.,7,Biển 3.,7,,0,3,2,Biển 2.,False,xe mô tô,True,False
33,"Trên đường bộ ngoài khu vực đông dân cư, đường đôi hoặc đường một chiều có từ hai làn xe cơ giới trở lên (trừ đường cao tốc) loại xe nào dưới đây được tham gia giao thông với tốc độ khai thác tối đa cho phép là 70 km/h?",219,"Xe ô tô chở người đến 28 chỗ không kể chỗ của người lái xe (trừ xe buýt); ô tô tải có trọng tải không lớn hơn 3,5 tấn.",118,"Xe ô tô chở người trên 28 chỗ không kể chỗ người lái xe (trừ xe buýt); ô tô tải có trọng tải trên 3,5 tấn (trừ ô tô xi téc).",124,"Xe buýt; ô tô đầu kéo kéo sơ mi rơ moóc (trừ ô tô đầu kéo kéo sơ mi rơ moóc xi téc); xe mô tô; ô tô chuyên dùng (trừ ô tô trộn vữa, ô tô trộn bê tông lưu động).",160,"Ô tô kéo rơ moóc; ô tô kéo xe khác; ô tô trộn vữa, ô tô trộn bê tông lưu động, ô tô xi téc, ô tô đầu kéo kéo sơ mi rơ moóc xi téc, ô tô kéo theo rơ moóc xi téc.",160,4,3,"Xe buýt; ô tô đầu kéo kéo sơ mi rơ moóc (trừ ô tô đầu kéo kéo sơ mi rơ moóc xi téc); xe mô tô; ô tô chuyên dùng (trừ ô tô trộn vữa, ô tô trộn bê tông lưu động).",False,tốc độ,False,False
34,"Để bảo đảm an toàn khi tham gia giao thông, người lái xe mô tô hai bánh cần điều khiển tay ga như thế nào?",106,"Tăng ga thật mạnh, giảm ga từ từ.",33,"Tăng ga thật mạnh, giảm ga thật nhanh.",38,"Tăng ga từ từ, giảm ga thật nhanh.",34,"Tăng ga từ từ, giảm ga từ từ.",29,4,3,"Tăng ga từ từ, giảm ga thật nhanh.",False,xe mô tô,False,False
35,"Trong các hành vi dưới đây, người lái xe có văn hóa giao thông phải ứng xử như thế nào?",87,"Điều khiển xe đi bên phải theo chiều đi của mình; đi đúng phần đường, làn đường quy định; dừng, đỗ xe đúng nơi quy định; đã uống rượu, bia thì không lái xe.",156,"Điều khiển xe đi trên phần đường, làn đường có ít phương tiện giao thông; dừng xe, đỗ xe ở nơi thuận tiện hoặc theo yêu cầu của hành khách, của người thân.",155,"Dừng và đỗ xe ở nơi thuận tiện cho việc chuyên chở hành khách và giao nhận hàng hóa; sử dụng ít rượu, bia thì có thể lái xe.",124,,0,3,1,"Điều khiển xe đi bên phải theo chiều đi của mình; đi đúng phần đường, làn đường quy định; dừng, đỗ xe đúng nơi quy định; đã uống rượu, bia thì không lái xe.",False,giao thông,False,False
36,Tay ga trên xe mô tô hai bánh có tác dụng gì dưới đây?,54,Để điều khiển xe chạy về phía trước.,36,Để điều tiết công suất động cơ qua đó điều khiển tốc độ của xe.,63,Để điều khiển xe chạy lùi.,26,Ý 1 và ý 2.,11,4,4,Ý 1 và ý 2.,False,xe mô tô,False,True
37,"Khi tham gia giao thông đường bộ, người lái xe phải mang theo các giấy tờ gì?",77,"Chứng nhận đăng ký xe hoặc bản sao Chứng nhận đăng ký xe có chứng thực kèm bản gốc giấy tờ xác nhận của tổ chức tín dụng, chi nhánh ngân hàng nước ngoài còn hiệu lực trong trường hợp xe đang được thế chấp tại tổ chức tín dụng, chi nhánh ngân hàng nước ngoài.",258,Giấy phép lái xe phù hợp với loại xe đang điều khiển; chứng nhận kiểm định an toàn kỹ thuật và bảo vệ môi trường đối với xe cơ giới theo quy định của pháp luật; chứng nhận bảo hiểm bắt buộc trách nhiệm dân sự của chủ xe cơ giới.,228,"Trường hợp các giấy tờ nêu trên đã được tích hợp vào tài khoản định danh điện tử thì việc xuất trình, kiểm tra có thể thực hiện thông qua tài khoản định danh điện tử.",166,Cả ba ý trên.,13,4,4,Cả ba ý trên.,False,giao thông,False,True
38,"Người lái xe, người được chở trên xe mô tô hai bánh, xe mô tô ba bánh, xe gắn máy phải thực hiện quy định nào dưới đây?",119,Đội mũ bảo hiểm theo đúng quy chuẩn kỹ thuật quốc gia và cài quai đúng quy cách.,80,"Người lái xe phải đội mũ bảo hiểm, người được chở trên xe không nhất thiết phải đội mũ bảo hiểm.",96,Phải đội mũ bảo hiểm nhưng không nhất thiết phải cài quai.,58,,0,3,1,Đội mũ bảo hiểm theo đúng quy chuẩn kỹ thuật quốc gia và cài quai đúng quy cách.,False,xe mô tô,False,False
39,"Biển nào báo hiệu, chỉ dẫn xe đi trên đường này được quyền ưu tiên qua nơi giao nhau?",85,Biển 1 và biển 2.,17,Biển 1 và biển 3.,17,Biển 2 và biển 3.,17,Cả ba biển.,11,4,2,Biển 1 và biển 3.,False,biển,True,False
40,"Người lái xe phải giảm tốc độ, có tín hiệu rẽ phải và đi sát về bên phải của phần đường xe chạy trong các trường hợp nào dưới đây?",130,Khi xe chạy phía trước có tín hiệu vượt xe khác.,48,Khi phía trước có xe chạy ngược chiều.,38,Khi xe sau xin vượt nếu đủ điều kiện an toàn.,45,Khi xe sau có tín hiệu vượt bên phải.,37,4,3,Khi xe sau xin vượt nếu đủ điều kiện an toàn.,False,tốc độ,False,False
41,"Theo hướng mũi tên, xe nào được phép đi?",40,"Xe mô tô, xe con.",17,"Xe con, xe tải.",15,"Xe mô tô, xe tải.",17,Cả ba xe.,9,4,3,"Xe mô tô, xe tải.",False,theo,False,True
42,Biển nào cấm các phương tiện rẽ trái?,37,Biển 1 và 2.,12,Biển 1 và 3.,12,Biển 2 và 3.,12,Cả ba biển.,11,4,1,Biển 1 và 2.,False,biển,True,False
43,Biển này có ý nghĩa như thế nào?,32,Chỉ hướng đi phải theo.,23,Biển báo hiệu cho người lái xe biết số lượng làn đường trên mặt đường và hướng đi trên mỗi làn đường phải theo.,111,Chỉ hướng đường phải theo.,26,,0,3,2,Biển báo hiệu cho người lái xe biết số lượng làn đường trên mặt đường và hướng đi trên mỗi làn đường phải theo.,False,biển,False,True
44,Xe nào vi phạm quy tắc giao thông?,34,Xe khách.,9,Xe mô tô.,9,Xe con.,7,Xe con và xe mô tô.,19,4,3,Xe con.,False,giao thông,False,False
45,"Người điều khiển xe mô tô phải quan sát, giảm tốc độ hoặc dừng lại để bảo đảm an toàn trong các trường hợp nào dưới đây?",120,"Đường hẹp, đường vòng, đường quanh co, đường đèo, dốc.",54,"Nơi cầu, cống hẹp, đập tràn, đường ngầm, hầm chui, hầm đường bộ.",64,"Trời mưa, gió, sương, khói, bụi, mặt đường trơn trượt, lầy lội, có nhiều đất đá, vật liệu rơi vãi ảnh hưởng đến an toàn giao thông đường bộ.",140,Cả ba ý trên.,13,4,4,Cả ba ý trên.,False,xe mô tô,False,True
46,"Khi điều khiển xe mô tô hai bánh, xe mô tô ba bánh, xe gắn máy, những hành vi nào sau đây không được phép?",106,"Buông cả hai tay; sử dụng xe để kéo, đẩy xe khác, vật khác; sử dụng chân chống hoặc vật khác quệt xuống đường khi xe đang chạy.",127,Sử dụng xe để chở người hoặc hàng hóa; để chân chạm xuống đất khi khởi hành.,76,Đội mũ bảo hiểm; chạy xe đúng tốc độ quy định và chấp hành đúng quy tắc giao thông đường bộ.,92,Chở người ngồi sau dưới 16 tuổi.,32,4,1,"Buông cả hai tay; sử dụng xe để kéo, đẩy xe khác, vật khác; sử dụng chân chống hoặc vật khác quệt xuống đường khi xe đang chạy.",False,xe mô tô,False,True
47,Trường hợp này xe nào được quyền đi trước?,42,Xe con.,7,Xe mô tô.,9,,0,,0,2,1,Xe con.,False,trường,False,False
48,"Để đạt được hiệu quả phanh cao nhất, người lái xe mô tô phải sử dụng các kỹ năng như thế nào dưới đây?",102,Sử dụng phanh trước.,20,Sử dụng phanh sau.,18,"Giảm hết ga, sử dụng đồng thời cả phanh sau và phanh trước.",59,,0,3,3,"Giảm hết ga, sử dụng đồng thời cả phanh sau và phanh trước.",False,xe mô tô,False,False
49,"Khi đến chỗ giao nhau, gặp biển nào thì người lái xe không được cho xe đi thẳng, phải rẽ sang hướng khác?",105,Biển 1 và biển 2.,17,Biển 1 và biển 3.,17,Biển 2 và biển 3.,17,Cả ba biển.,11,4,1,Biển 1 và biển 2.,False,biển,True,False
50,"Vạch kẻ đường nào dưới đây là vạch phân chia hai chiều xe chạy (vạch tim đường), xe không được lấn làn, không được đè lên vạch?",127,Vạch 1.,7,Vạch 2.,7,Vạch 3.,7,Cả ba vạch.,11,4,2,Vạch 2.,False,vạch,False,False
51,Khi tham gia giao thông việc sử dụng còi xe nên dùng như thế nào để thể hiện là người có văn hóa giao thông?,108,"Chỉ bấm còi khi thật sự cần thiết, không bấm còi liên tục hoặc kéo dài, sử dụng còi với mức âm lượng theo quy định.",115,Bấm còi liên tục để các xe khác nhường đường.,45,Bấm còi to khi đi qua khu vực đông dân cư.,42,"Không cần dùng còi, tránh gây tiếng ồn là văn minh.",51,4,1,"Chỉ bấm còi khi thật sự cần thiết, không bấm còi liên tục hoặc kéo dài, sử dụng còi với mức âm lượng theo quy định.",False,giao thông,False,True
52,Người điều khiển giao thông đường bộ được hiểu như thế nào là đúng?,67,Là người điều khiển phương tiện tham gia giao thông đường bộ.,61,Là Cảnh sát giao thông và người được giao nhiệm vụ hướng dẫn giao thông trên đường bộ.,86,Là người tham gia giao thông đường bộ.,38,,0,3,2,Là Cảnh sát giao thông và người được giao nhiệm vụ hướng dẫn giao thông trên đường bộ.,False,giao thông,False,True
53,Biển nào dưới đây xe mô tô hai bánh được đi vào?,48,Không biển nào.,15,Biển 1 và biển 2.,17,Biển 2 và biển 3.,17,Cả ba biển.,11,4,3,Biển 2 và biển 3.,False,xe mô tô,True,False
54,"Chiều dài đoạn đường 500 m từ nơi đặt biển này, người lái xe có được phép bấm còi không?",88,Được phép.,10,Không được phép.,16,,0,,0,2,2,Không được phép.,False,biển,False,False
55,"Biển nào báo hiệu ""Đường giao nhau"" của các tuyến đường cùng cấp?",65,Biển 1.,7,Biển 2.,7,Biển 3.,7,,0,3,1,Biển 1.,False,biển,True,False
56,Người điều khiển phương tiện tham gia giao thông trong hầm đường bộ ngoài việc phải tuân thủ các quy tắc giao thông còn phải thực hiện những quy định nào dưới đây?,163,"Xe cơ giới, xe máy chuyên dùng phải bật đèn chiếu gần; xe thô sơ phải bật đèn hoặc có vật phát sáng báo hiệu; không dừng xe, đỗ xe trong hầm đường bộ; trường hợp gặp sự cố kỹ thuật hoặc bất khả kháng khác buộc phải dừng xe, đỗ xe, người lái xe, người điều khiển xe máy chuyên dùng phải đưa xe vào vị trí dừng xe, đỗ xe khẩn cấp, nếu không di chuyển được, phải có báo hiệu bằng đèn khẩn cấp và đặt biển hoặc đèn cảnh báo về phía sau xe khoảng cách bảo đảm an toàn.",463,"Xe cơ giới, xe máy chuyên dùng phải bật đèn chiếu xa; được dừng xe, đỗ xe khi cần thiết.",88,"Phải cho xe chạy trên một làn đường và chỉ chuyển làn ở nơi được phép; được quay đầu xe, lùi xe khi cần thiết.",110,,0,3,1,"Xe cơ giới, xe máy chuyên dùng phải bật đèn chiếu gần; xe thô sơ phải bật đèn hoặc có vật phát sáng báo hiệu; không dừng xe, đỗ xe trong hầm đường bộ; trường hợp gặp sự cố kỹ thuật hoặc bất khả kháng khác buộc phải dừng xe, đỗ xe, người lái xe, người điều khiển xe máy chuyên dùng phải đưa xe vào vị trí dừng xe, đỗ xe khẩn cấp, nếu không di chuyển được, phải có báo hiệu bằng đèn khẩn cấp và đặt biển hoặc đèn cảnh báo về phía sau xe khoảng cách bảo đảm an toàn.",False,giao thông,False,False
57,"Trong các loại nhiên liệu dưới đây, loại nhiên liệu nào giảm thiểu ô nhiễm môi trường?",86,Xăng và dầu diesel.,19,Xăng sinh học và khí sinh học.,30,Ý 1 và ý 2.,11,,0,3,2,Xăng sinh học và khí sinh học.,False,loại,False,True
58,Biển nào cấm các phương tiện rẽ phải?,37,Biển 1 và 2.,12,Biển 1 và 3.,12,Biển 2 và 3.,12,Cả ba biển.,11,4,1,Biển 1 và 2.,False,biển,True,False
59,"Trong nhóm các phương tiện giao thông đường bộ dưới đây, nhóm phương tiện nào là xe cơ giới?",92,"Xe ô tô; máy kéo; xe mô tô hai bánh; xe mô tô ba bánh; xe gắn máy; xe cơ giới dùng cho người khuyết tật và xe máy chuyên dùng; xe đạp, xe đạp máy, xe đạp điện.",159,"Xe ô tô; rơ moóc được kéo bởi xe ô tô; sơ mi rơ moóc được kéo bởi ô tô đầu kéo; xe chở người bốn bánh có gắn động cơ; xe chở hàng bốn bánh có gắn động cơ; xe mô tô, xe gắn máy và các loại xe tương tự.",200,,0,,0,2,2,"Xe ô tô; rơ moóc được kéo bởi xe ô tô; sơ mi rơ moóc được kéo bởi ô tô đầu kéo; xe chở người bốn bánh có gắn động cơ; xe chở hàng bốn bánh có gắn động cơ; xe mô tô, xe gắn máy và các loại xe tương tự.",False,giao thông,False,False
60,Xe nào được quyền đi trước trong trường hợp này?,48,Xe con.,7,Xe mô tô.,9,,0,,0,2,2,Xe mô tô.,False,quyền,False,False
61,"Trên đường không phân chia thành hai chiều xe chạy riêng biệt, người điều khiển phương tiện tham gia giao thông đường bộ phải tránh xe đi ngược chiều như thế nào để bảo đảm an toàn?",181,Giảm tốc độ và cho xe đi về bên phải theo chiều xe chạy của mình.,65,Một trong hai xe phải dừng lại cho xe kia đi qua mới được đi.,61,"Tăng tốc độ, cho xe đi về bên phải theo chiều xe chạy của mình để nhanh chóng vượt qua.",87,,0,3,1,Giảm tốc độ và cho xe đi về bên phải theo chiều xe chạy của mình.,False,giao thông,False,False
62,"Gặp biển báo này, người tham gia giao thông phải xử lý như thế nào?",67,Dừng xe tại khu vực có trạm Cảnh sát giao thông.,48,Tiếp tục lưu thông với tốc độ bình thường.,42,Phải giảm tốc độ đến mức an toàn và không được vượt khi đi qua khu vực này.,75,,0,3,3,Phải giảm tốc độ đến mức an toàn và không được vượt khi đi qua khu vực này.,False,biển,False,False
63,Người điều khiển phương tiện tham gia giao thông đường bộ mà trong máu hoặc hơi thở có nồng độ cồn có bị nghiêm cấm không?,122,Bị nghiêm cấm.,14,Không bị nghiêm cấm.,20,"Không bị nghiêm cấm, nếu nồng độ cồn trong máu ở mức nhẹ, có thể điều khiển phương tiện tham gia giao thông.",108,,0,3,1,Bị nghiêm cấm.,False,giao thông,False,False
64,Người lái xe mô tô có văn hóa giao thông khi tham gia giao thông phải tuân thủ những quy định nào dưới đây?,107,"Điều khiển xe đi bên phải theo chiều đi của mình; đi đúng phần đường, làn đường quy định; đội mũ bảo hiểm đúng quy chuẩn kỹ thuật quốc gia, cài quai đúng quy cách.",163,"Điều khiển xe đi trên phần đường, làn đường có ít phương tiện tham gia giao thông.",82,Điều khiển xe và đội mũ bảo hiểm ở nơi có biển báo bắt buộc đội mũ bảo hiểm.,76,,0,3,1,"Điều khiển xe đi bên phải theo chiều đi của mình; đi đúng phần đường, làn đường quy định; đội mũ bảo hiểm đúng quy chuẩn kỹ thuật quốc gia, cài quai đúng quy cách.",False,xe mô tô,False,True
65,Người điều khiển phương tiện tham gia giao thông đường bộ được hiểu như thế nào là đúng?,88,"Là người điều khiển xe cơ giới, người điều khiển xe thô sơ, người điều khiển xe máy chuyên dùng.",96,Là người được giao nhiệm vụ hướng dẫn giao thông trên đường bộ.,63,Cả hai ý trên.,14,,0,3,1,"Là người điều khiển xe cơ giới, người điều khiển xe thô sơ, người điều khiển xe máy chuyên dùng.",False,giao thông,False,True
66,“Làn đường” là gì?,18,"Là một phần của phần đường xe chạy được chia theo chiều dọc của đường, sử dụng cho xe chạy.",91,"Là một phần của phần đường xe chạy được chia theo chiều dọc của đường, có đủ chiều rộng cho xe chạy an toàn.",108,"Là đường cho xe ô tô chạy, dừng, đỗ an toàn.",44,,0,3,2,"Là một phần của phần đường xe chạy được chia theo chiều dọc của đường, có đủ chiều rộng cho xe chạy an toàn.",False,làn,False,True
67,"Người lái xe mô tô hai bánh, xe mô tô ba bánh, xe gắn máy không được thực hiện các hành vi nào dưới đây?",104,Đi xe dàn hàng ngang; đi xe vào phần đường dành cho người đi bộ và phương tiện khác.,84,"Sử dụng ô, thiết bị âm thanh, trừ thiết bị trợ thính.",53,Cả hai ý trên.,14,,0,3,3,Cả hai ý trên.,False,xe mô tô,False,True
68,"Người lái xe được phép vượt xe trên cầu hẹp có một làn đường, đường cong có tầm nhìn bị hạn chế hay không?",106,Được phép vượt khi đường vắng.,30,Không được phép vượt.,21,Được phép vượt khi có việc gấp.,31,,0,3,2,Không được phép vượt.,False,vượt,False,False
69,Biển nào báo hiệu sắp đến chỗ giao nhau giữa đường bộ và đường sắt?,67,Biển 1.,7,Biển 2.,7,Biển 3.,7,Cả 1 và biển 3.,17,4,1,Biển 1.,False,biển,True,False
70,Có bao nhiêu nhóm biển báo hiệu đường bộ?,41,"Ba nhóm: Biển báo cấm, biển báo nguy hiểm và biển hiệu lệnh.",60,"Bốn nhóm: Biển báo cấm, biển báo nguy hiểm, biển hiệu lệnh và biển phụ.",71,"Năm nhóm: Biển báo cấm, biển báo nguy hiểm, biển hiệu lệnh, biển chỉ dẫn, biển phụ.",83,,0,3,3,"Năm nhóm: Biển báo cấm, biển báo nguy hiểm, biển hiệu lệnh, biển chỉ dẫn, biển phụ.",False,biển,False,False
71,"Người điều khiển xe mô tô hai bánh, xe mô tô ba bánh, xe gắn máy có được phép sử dụng xe để kéo hoặc đẩy các phương tiện khác khi tham gia giao thông không?",156,Được phép.,10,"Nếu phương tiện được kéo, đẩy có khối lượng nhỏ hơn phương tiện của mình.",73,Tùy trường hợp.,15,Không được phép.,16,4,4,Không được phép.,False,xe mô tô,False,True
72,"Trường hợp người được chở trên xe mô tô, xe gắn máy, các loại xe tương tự xe mô tô và các loại xe tương tự xe gắn máy không đội ""mũ bảo hiểm cho người đi mô tô, xe máy"" hoặc không cài quai đúng quy cách (trừ trường hợp chở người bệnh đi cấp cứu, trẻ em dưới 06 tuổi, áp giải người có hành vi vi phạm pháp luật) thì việc xử phạt vi phạm hành chính được quy định như thế nào?",373,Không bị xử phạt chỉ bị nhắc nhở.,33,"Người được chở không bị xử phạt, chỉ xử phạt người điều khiển xe mô tô, xe gắn máy.",83,"Người được chở bị xử phạt, không xử phạt người điều khiển xe mô tô, xe gắn máy.",79,"Xử phạt cả người điều khiển và người được chở trên xe mô tô, xe gắn máy.",72,4,4,"Xử phạt cả người điều khiển và người được chở trên xe mô tô, xe gắn máy.",False,xe mô tô,False,False
73,"Người có giấy phép lái xe chưa bị trừ hết 12 điểm, được phục hồi điểm giấy phép lái xe trong trường hợp nào sau đây?",116,Không được phục hồi.,20,"Được phục hồi đủ 12 điểm, nếu không bị trừ điểm trong thời hạn 12 tháng từ ngày bị trừ điểm gần nhất.",101,,0,,0,2,2,"Được phục hồi đủ 12 điểm, nếu không bị trừ điểm trong thời hạn 12 tháng từ ngày bị trừ điểm gần nhất.",False,giấy phép,False,False
74,Gặp biển nào người lái xe phải nhường đường cho người đi bộ?,60,Biển 1.,7,Biển 2.,7,Biển 3.,7,,0,3,1,Biển 1.,False,biển,True,False
75,"Khi điều khiển phương tiện tham gia giao thông, hành vi nào sau đây bị cấm?",75,Dùng tay cầm và sử dụng điện thoại hoặc thiết bị điện tử khác.,62,"Chỉ được chở người trên thùng xe ô tô chở hàng trong trường hợp chở người đi làm nhiệm vụ cứu nạn, cứu hộ, phòng, chống thiên tai, dịch bệnh hoặc thực hiện nhiệm vụ khẩn cấp.",174,,0,,0,2,1,Dùng tay cầm và sử dụng điện thoại hoặc thiết bị điện tử khác.,False,giao thông,False,False
76,"Các xe đi theo hướng mũi tên, xe nào chấp hành đúng quy tắc giao thông?",71,"Xe tải, xe mô tô.",17,"Xe khách, xe mô tô.",19,"Xe tải, xe con.",15,"Xe mô tô, xe con.",17,4,2,"Xe khách, xe mô tô.",False,giao thông,False,False
77,Biển báo dưới đây có ý nghĩa như thế nào?,41,Chỉ dẫn khoảng cách đến làn đường cứu nạn (làn thoát xe khẩn cấp).,66,Báo hiệu đường cụt phía trước.,30,Báo hiệu nút giao gần nhất phía trước.,38,Báo hiệu trạm dừng nghỉ phía trước.,35,4,1,Chỉ dẫn khoảng cách đến làn đường cứu nạn (làn thoát xe khẩn cấp).,False,biển,False,True
78,"Khi có tín hiệu của xe ưu tiên, người và phương tiện tham gia giao thông đường bộ phải tuân thủ quy định nào dưới đây?",118,"Giảm tốc độ, đi sát lề đường bên phải hoặc dừng lại để nhường đường.",68,Tăng tốc độ và đi sát lề đường bên phải để nhường đường.,56,"Giảm tốc độ, đi sát lề đường bên trái để nhường đường.",54,,0,3,1,"Giảm tốc độ, đi sát lề đường bên phải hoặc dừng lại để nhường đường.",False,giao thông,False,False
79,Vạch mũi tên chỉ hướng trên mặt đường nào dưới đây cho phép xe chỉ được đi thẳng và rẽ phải?,92,Vạch 1.,7,Vạch 2 và vạch 3.,17,Vạch 3.,7,Vạch 1 và vạch 2.,17,4,3,Vạch 3.,False,vạch,False,False
80,Người lái xe không được vượt xe khác khi gặp trường hợp nào dưới đây?,69,"Trên cầu hẹp có một làn đường; nơi đường giao nhau, đường bộ giao nhau cùng mức với đường sắt; khi gặp xe ưu tiên.",114,Trên cầu có từ 02 làn xe trở lên.,33,Trên đường có 02 làn đường được phân chia làn bằng vạch kẻ nét đứt.,67,,0,3,1,"Trên cầu hẹp có một làn đường; nơi đường giao nhau, đường bộ giao nhau cùng mức với đường sắt; khi gặp xe ưu tiên.",False,không,False,True
81,Người lái xe trên đường cần chấp hành quy định về tốc độ tối đa như thế nào?,76,Chỉ lớn hơn tốc độ tối đa cho phép khi đường vắng.,50,Chỉ lớn hơn tốc độ tối đa cho phép khi vào ban đêm.,51,Không vượt quá tốc độ tối đa cho phép.,38,,0,3,3,Không vượt quá tốc độ tối đa cho phép.,False,tốc độ,False,False
82,Biển nào cấm xe rẽ trái?,24,Biển 1.,7,Biển 2.,7,Cả hai biển.,12,,0,3,1,Biển 1.,False,biển,True,False
83,"Tại nơi có vạch kẻ đường hoặc tại nơi mà người đi bộ, xe lăn của người khuyết tật đang qua đường, người điều khiển phương tiện tham gia giao thông phải thực hiện như thế nào?",174,"Giảm tốc độ và nhường đường cho người đi bộ, xe lăn của người khuyết tật qua đường đảm bảo an toàn.",99,"Quan sát, giảm tốc độ hoặc dừng lại để bảo đảm an toàn cho người đi bộ, xe lăn của người khuyết tật qua đường.",110,"Quan sát, tăng tốc độ và điều khiển phương tiện nhanh chóng đi qua.",67,,0,3,2,"Quan sát, giảm tốc độ hoặc dừng lại để bảo đảm an toàn cho người đi bộ, xe lăn của người khuyết tật qua đường.",False,giao thông,False,False
84,Khái niệm về văn hóa giao thông được hiểu như thế nào là đúng?,62,"Là sự hiểu biết và chấp hành nghiêm chỉnh pháp luật về giao thông, là ý thức trách nhiệm với cộng đồng khi tham gia giao thông.",127,"Là sự tôn trọng, nhường nhịn, giúp đỡ và ứng xử có văn hóa giữa những người tham gia giao thông với nhau.",105,Cả hai ý trên.,14,,0,3,3,Cả hai ý trên.,False,giao thông,False,True
85,"Người được chở trên xe mô tô hai bánh, xe mô tô ba bánh, xe gắn máy khi tham gia giao thông đường bộ có được bám, kéo hoặc đẩy các phương tiện khác không?",154,Được phép.,10,Được bám trong trường hợp phương tiện của mình bị hỏng.,55,"Được kéo, đẩy trong trường hợp phương tiện khác bị hỏng.",56,Không được phép.,16,4,4,Không được phép.,False,xe mô tô,False,True
86,Người lái xe khi tham gia giao thông đường bộ phải đảm bảo các điều kiện nào dưới đây?,86,"Phải đủ tuổi, sức khỏe theo quy định của pháp luật; có giấy phép lái xe đang còn điểm, còn hiệu lực phù hợp với loại xe đang điều khiển do cơ quan có thẩm quyền cấp (trừ người lái xe gắn máy).",192,Phải là người đứng tên trong đăng ký xe.,40,Cả hai ý trên.,14,,0,3,1,"Phải đủ tuổi, sức khỏe theo quy định của pháp luật; có giấy phép lái xe đang còn điểm, còn hiệu lực phù hợp với loại xe đang điều khiển do cơ quan có thẩm quyền cấp (trừ người lái xe gắn máy).",False,giao thông,False,True
87,"Theo hướng mũi tên, những hướng nào xe gắn máy được phép đi?",60,Cả ba hướng.,12,Chỉ hướng 1 và 3.,17,Chỉ hướng 1.,12,,0,3,1,Cả ba hướng.,False,theo,False,False
88,"Biển nào báo hiệu ""Hết đoạn đường ưu tiên""?",43,Biển 1.,7,Biển 2.,7,Biển 3.,7,,0,3,3,Biển 3.,False,biển,True,False
89,"Theo tín hiệu đèn, xe nào đi là đúng quy tắc giao thông?",56,Xe con và xe khách.,19,Xe mô tô.,9,,0,,0,2,1,Xe con và xe khách.,False,giao thông,False,True
90,"Khi ở một vị trí vừa có biển báo hiệu đặt cố định vừa có biển báo hiệu tạm thời mà hai biển có ý nghĩa khác nhau, người tham gia giao thông đường bộ phải chấp hành hiệu lệnh của biển báo hiệu nào?",196,Biển báo hiệu đặt cố định.,26,Biển báo hiệu tạm thời.,23,Theo quyết định của người tham gia giao thông nhưng phải bảo đảm an toàn.,73,,0,3,2,Biển báo hiệu tạm thời.,False,biển,False,False
91,Hành vi nào dưới đây bị nghiêm cấm?,35,Sử dụng xe đạp đi trên các tuyến quốc lộ.,41,"Rải vật sắc nhọn, đổ chất gây trơn trượt trên đường bộ.",55,Cả hai ý trên.,14,,0,3,2,"Rải vật sắc nhọn, đổ chất gây trơn trượt trên đường bộ.",False,cấm,False,True
92,Phương tiện tham gia giao thông đường bộ di chuyển với tốc độ thấp hơn phải đi như thế nào?,91,Đi về bên trái theo chiều đi của mình.,38,Đi về bên phải theo chiều đi của mình.,38,Đi ở bất cứ bên nào nhưng phải bấm đèn cảnh báo nguy hiểm để báo hiệu cho các phương tiện khác.,95,,0,3,2,Đi về bên phải theo chiều đi của mình.,False,tốc độ,False,False
93,"Người lái xe mô tô hai bánh, xe mô tô ba bánh, xe gắn máy không được thực hiện các hành vi nào dưới đây?",104,Đi xe dàn hàng ngang; buông cả hai tay.,39,"Sử dụng xe để kéo, đẩy xe khác, vật khác, dẫn dắt vật nuôi, mang, vác và chở vật cồng kềnh; chở người đứng trên xe, giá đèo hàng hoặc ngồi trên tay lái; xếp hàng hóa trên xe quá giới hạn quy định.",196,"Ngồi về một bên điều khiển xe; đứng, nằm trên xe điều khiển xe; thay người lái xe khi xe đang chạy; quay người về phía sau để điều khiển xe hoặc bịt mắt điều khiển xe; sử dụng chân chống hoặc vật khác quệt xuống đường khi xe đang chạy.",235,Cả ba ý trên.,13,4,4,Cả ba ý trên.,False,xe mô tô,False,True
94,"Khi tới đường ngang không có người gác, chắn đường bộ, chuông, đèn tín hiệu, người tham gia giao thông đường bộ phải làm gì để bảo đảm an toàn?",143,"Dừng lại về bên phải đường của mình, trước vạch dừng xe và quan sát hai phía, khi không có phương tiện giao thông đường sắt tới mới được đi qua.",144,"Quan sát hai phía, khi không có phương tiện giao thông đường sắt tới thì nhanh chóng đi qua.",92,"Dừng lại khoảng cách tối thiểu 3 mét tính từ ray đường sắt gần nhất, khi không có phương tiện giao thông đường sắt tới thì nhanh chóng đi qua.",142,,0,3,1,"Dừng lại về bên phải đường của mình, trước vạch dừng xe và quan sát hai phía, khi không có phương tiện giao thông đường sắt tới mới được đi qua.",False,giao thông,False,False
95,Biển nào báo hiệu các phương tiện phải tuân thủ tốc độ tối đa cho phép trên từng làn đường?,91,Biển 1.,7,Biển 2.,7,Cả hai biển.,14,,0,3,3,Cả hai biển.,False,tốc độ,True,False
96,"Biển nào báo hiệu ""Giao nhau với đường ưu tiên""?",48,Biển 1.,7,Biển 2.,7,Biển 3.,7,Cả ba biển.,13,4,3,Biển 3.,False,biển,True,False
97,Biển nào cấm quay đầu xe?,25,Biển 1.,7,Biển 2.,7,Không biển nào.,17,Cả hai biển..,13,4,2,Biển 2.,False,biển,True,False
98,"Biển nào báo hiệu ""Cầu vượt liên thông""?",40,Biển 2 và biển 3.,17,Biển 1 và biển 2.,17,Biển 1 và biển 3.,17,Cả ba biển.,11,4,3,Biển 1 và biển 3.,False,biển,True,False
99,"Khi có xe xin vượt, người lái xe mô tô xử lý như thế nào nếu đủ điều kiện an toàn cho xe phía sau vượt?",103,"Giảm tốc độ, có tín hiệu rẽ phải để báo hiệu cho người điều khiển phương tiện tham gia giao thông đường bộ phía sau biết được vượt và đi sát về bên phải của phần đường xe chạy cho đến khi xe sau đã vượt qua, không được cản trở đối với xe xin vượt.",247,"Lái xe vào lề đường bên trái và giảm tốc độ để xe phía sau vượt qua, không được gây trở ngại đối với xe xin vượt.",113,"Tăng tốc độ, đi sát về bên phải của phần đường xe chạy cho đến khi xe sau đã vượt qua.",86,,0,3,1,"Giảm tốc độ, có tín hiệu rẽ phải để báo hiệu cho người điều khiển phương tiện tham gia giao thông đường bộ phía sau biết được vượt và đi sát về bên phải của phần đường xe chạy cho đến khi xe sau đã vượt qua, không được cản trở đối với xe xin vượt.",False,xe mô tô,False,True
100,"Biển nào báo hiệu ""Kết thúc đường đôi""?",39,Biển 1.,7,Biển 2.,7,Biển 3.,7,,0,3,3,Biển 3.,False,biển,True,False
101,"Tại đoạn đường có biển ""Làn đường dành riêng cho từng loại xe"" dưới đây, các phương tiện có được phép chuyển sang làn khác để đi theo hành trình mong muốn khi đến gần nơi đường bộ giao nhau hay không?",200,Được phép chuyển sang làn khác.,31,"Không được phép chuyển sang làn khác, chỉ được đi trong làn quy định theo biển.",79,,0,,0,2,1,Được phép chuyển sang làn khác.,False,biển,False,False
102,"Biển nào báo hiệu ""Nơi đỗ xe dành cho người khuyết tật""?",56,Biển 1.,7,Biển 2.,7,Biển 3.,8,,0,3,2,Biển 2.,False,biển,True,False
103,Khi gặp biển nào xe ưu tiên theo luật định vẫn phải dừng lại?,61,Biển 1.,7,Biển 2.,7,Cả ba biển.,11,,0,3,2,Biển 2.,False,biển,True,False
104,Xe nào được quyền đi trước trong trường hợp này?,48,Xe mô tô.,9,Xe con.,7,,0,,0,2,1,Xe mô tô.,False,quyền,False,False
105,"Biển nào báo hiệu ""Đường hai chiều""?",36,Biển 1.,7,Biển 2.,7,Biển 3.,7,,0,3,1,Biển 1.,False,biển,True,False
106,"Biển nào báo hiệu ""Đường hầm""?",30,Cả ba biển.,11,Biển 2.,7,Biển 2 và biển 3.,17,,0,3,2,Biển 2.,False,biển,True,False
107,"Tại nơi đường giao nhau, người lái xe đang đi trên đường không ưu tiên, đường nhánh phải nhường đường như thế nào là đúng quy tắc giao thông?",141,Nhường đường cho xe đi ở bên phải mình tới.,43,Nhường đường cho xe đi ở bên trái mình tới.,43,Nhường đường cho xe đi trên đường ưu tiên hoặc đường chính từ bất kỳ hướng nào tới.,83,,0,3,3,Nhường đường cho xe đi trên đường ưu tiên hoặc đường chính từ bất kỳ hướng nào tới.,False,giao thông,False,False
108,"Biển nào cấm tất cả các loại xe cơ giới và thô sơ đi lại trên đường, trừ xe ưu tiên theo luật định (nếu đường vẫn cho xe chạy được)?",132,Biển 1.,7,Biển 2.,7,Cả hai biển.,12,,0,3,1,Biển 1.,False,biển,True,False
109,Biển số 1 có ý nghĩa như thế nào?,33,Biển chỉ dẫn hết cấm đỗ xe theo giờ trong khu vực.,50,Biển chỉ dẫn hết hiệu lực khu vực đỗ xe trên các tuyến đường đối ngoại.,71,Biển chỉ dẫn khu vực đỗ xe trên các tuyến đường đối ngoại.,58,,0,3,1,Biển chỉ dẫn hết cấm đỗ xe theo giờ trong khu vực.,False,biển,False,False
110,"Khi gặp xe buýt đang dừng đón, trả khách, người điều khiển xe mô tô phải xử lý như thế nào dưới đây?",100,Tăng tốc độ để nhanh chóng vượt qua xe buýt.,44,"Quan sát, giảm tốc độ đi qua xe buýt hoặc dừng lại để bảo đảm an toàn.",70,Cả hai ý trên.,14,,0,3,2,"Quan sát, giảm tốc độ đi qua xe buýt hoặc dừng lại để bảo đảm an toàn.",False,xe mô tô,False,True
111,"Tại nơi đường giao nhau, khi đèn điều khiển giao thông có tín hiệu màu vàng, người điều khiển phương tiện tham gia giao thông phải chấp hành như thế nào là đúng quy tắc giao thông?",180,"Dừng lại trước vạch dừng; trường hợp đang đi trên vạch dừng hoặc đã đi qua vạch dừng mà tín hiệu đèn màu vàng thì được đi tiếp; trường hợp tín hiệu đèn màu vàng nhấp nháy, người điều khiển phương tiện tham gia giao thông đường bộ được đi nhưng phải quan sát, giảm tốc độ hoặc dừng lại nhường đường cho người đi bộ, xe lăn của người khuyết tật qua đường hoặc các phương tiện khác.",379,Tăng tốc độ nhanh chóng vượt qua nút giao.,42,"Quan sát, giảm tốc độ, từ từ vượt qua nút giao.",47,,0,3,1,"Dừng lại trước vạch dừng; trường hợp đang đi trên vạch dừng hoặc đã đi qua vạch dừng mà tín hiệu đèn màu vàng thì được đi tiếp; trường hợp tín hiệu đèn màu vàng nhấp nháy, người điều khiển phương tiện tham gia giao thông đường bộ được đi nhưng phải quan sát, giảm tốc độ hoặc dừng lại nhường đường cho người đi bộ, xe lăn của người khuyết tật qua đường hoặc các phương tiện khác.",False,giao thông,False,True
112,Xe nào dừng đúng theo quy tắc giao thông?,41,Xe con.,7,Xe mô tô.,9,Cả 2 xe đều đúng.,20,,0,3,1,Xe con.,False,giao thông,False,False
113,"Biển nào chỉ đường dành cho người đi bộ, các loại xe không được đi vào khi gặp biển này?",88,Biển 1.,7,Biển 1 và 3.,12,Biển 3.,7,Cả ba biển.,13,4,3,Biển 3.,False,biển,True,False
114,Người được chở trên xe mô tô có được kéo theo người đang điều khiển xe đạp hay không?,85,Chỉ được phép nếu cả hai đội mũ bảo hiểm.,41,Không được phép.,16,Chỉ được thực hiện trên đường vắng.,35,,0,3,2,Không được phép.,False,xe mô tô,False,False
115,Dải phân cách được lắp đặt để làm gì?,37,Để phân chia các làn đường dành cho xe cơ giới và xe thô sơ trên đường cao tốc.,79,Để phân chia phần đường xe chạy thành hai chiều riêng biệt hoặc để phân chia phần đường dành cho xe cơ giới và xe thô sơ hoặc của nhiều loại xe khác nhau trên cùng một chiều đường.,180,Để phân tách phần đường xe chạy và hành lang an toàn giao thông.,64,,0,3,2,Để phân chia phần đường xe chạy thành hai chiều riêng biệt hoặc để phân chia phần đường dành cho xe cơ giới và xe thô sơ hoặc của nhiều loại xe khác nhau trên cùng một chiều đường.,False,dải,False,True
116,"Trên một chiều đường có vạch kẻ phân làn đường, người lái xe cơ giới, xe máy chuyên dùng phải điều khiển xe đi trên làn đường nào?",130,Đi trên làn đường bên phải trong cùng.,38,Đi trên làn đường bên trái.,27,Đi ở bất cứ làn nào nhưng phải bảo đảm tốc độ cho phép.,55,,0,3,2,Đi trên làn đường bên trái.,False,trên,False,False
117,Biển nào báo hiệu cấm xe mô tô đi vào?,38,Biển 1.,7,Biển 2.,7,Biển 3,7,,0,3,1,Biển 1.,False,xe mô tô,True,False
118,Biển nào dưới đây báo hiệu hết cấm vượt?,40,Biển 1.,7,Biển 2.,7,Biển 3.,7,Biển 2 và biển 3.,17,4,4,Biển 2 và biển 3.,False,biển,True,False
119,"Trong nhóm các phương tiện giao thông đường bộ dưới đây, nhóm phương tiện nào là xe thô sơ?",91,"Xe đạp, xe đạp máy, xe đạp điện; xe xích lô; xe lăn dùng cho người khuyết tật; xe vật nuôi kéo và các loại xe tương tự.",119,"Xe đạp (kể cả xe đạp máy, xe đạp điện), xe gắn máy, xe cơ giới dùng cho người khuyết tật và xe máy chuyên dùng.",111,"Xe ô tô, máy kéo, rơ moóc hoặc sơ mi rơ moóc được kéo bởi xe ô tô, máy kéo.",75,,0,3,1,"Xe đạp, xe đạp máy, xe đạp điện; xe xích lô; xe lăn dùng cho người khuyết tật; xe vật nuôi kéo và các loại xe tương tự.",False,giao thông,False,False
120,"Khi đang lái xe, phía trước có một xe cứu thương đang phát tín hiệu ưu tiên, người lái xe có được phép vượt hay không?",118,Không được vượt.,16,Được vượt khi đang đi trên cầu.,31,Được phép vượt khi đi qua nơi giao nhau có ít phương tiện cùng tham gia giao thông.,83,Được vượt khi bảo đảm an toàn.,30,4,1,Không được vượt.,False,xe cứu thương,False,True
121,"Biển nào báo hiệu ""Đường một chiều""?",36,Biển 1.,7,Biển 2.,7,Cả hai biển.,12,,0,3,2,Biển 2.,False,biển,True,False
122,"Người lái xe mô tô hai bánh, xe mô tô ba bánh, xe gắn máy không được thực hiện hành vi nào sau đây?",99,"Đi trên phần đường, làn đường quy định, chấp hành hiệu lệnh của người điều khiển giao thông, đèn tín hiệu giao thông.",117,"Đi xe dàn hàng ngang, đi xe vào phần đường dành cho người đi bộ.",64,Cả hai ý trên.,14,,0,3,2,"Đi xe dàn hàng ngang, đi xe vào phần đường dành cho người đi bộ.",False,xe mô tô,False,True
123,"Trong đoạn đường hai chiều tại khu đông dân cư đang ùn tắc, người điều khiển xe mô tô có văn hóa giao thông sẽ lựa chọn cách xử lý tình huống nào dưới đây?",155,Cho xe lấn sang làn ngược chiều để nhanh chóng thoát khỏi nơi ùn tắc.,69,Điều khiển xe trên vỉa hè để nhanh chóng thoát khỏi nơi ùn tắc.,63,"Kiên nhẫn tuân thủ hướng dẫn của người điều khiển giao thông hoặc tín hiệu đèn giao thông, di chuyển trên đúng phần đường bên phải theo chiều đi, nhường đường cho các phương tiện đi ngược chiều.",194,,0,3,3,"Kiên nhẫn tuân thủ hướng dẫn của người điều khiển giao thông hoặc tín hiệu đèn giao thông, di chuyển trên đúng phần đường bên phải theo chiều đi, nhường đường cho các phương tiện đi ngược chiều.",False,xe mô tô,False,False
124,"Biển nào là biển ""Cấm đi ngược chiều""?",38,Biển 1.,7,Biển 2.,7,Cả ba biển.,11,,0,3,2,Biển 2.,False,biển,True,False
125,Biển nào báo hiệu cấm xe mô tô ba bánh chở hàng đi qua?,55,Biển 1 và biển 2.,17,Biển 1 và biển 3.,17,Biển 2 và biển 3.,17,Cả ba biển.,11,4,1,Biển 1 và biển 2.,False,xe mô tô,True,False
126,Biển nào chỉ dẫn nơi bắt đầu đoạn đường dành cho người đi bộ?,61,Biển 1,6,Biển 2.,7,Biển 3.,8,,0,3,2,Biển 2.,False,biển,True,False
127,"Theo Luật Phòng chống tác hại của rượu, bia, đối tượng nào dưới đây bị cấm sử dụng rượu, bia khi tham gia giao thông?",117,"Người điều khiển xe ô tô, xe mô tô, xe đạp, xe gắn máy.",55,Người được chở trên xe cơ giới.,31,Cả hai ý trên.,14,,0,3,1,"Người điều khiển xe ô tô, xe mô tô, xe đạp, xe gắn máy.",False,giao thông,False,True
128,Biển nào báo hiệu đường bộ giao nhau với đường sắt không có rào chắn?,69,Biển 1 và biển 2.,17,Biển 1 và biển 3.,17,Biển 2 và biển 3.,17,Cả ba biển.,11,4,3,Biển 2 và biển 3.,False,biển,True,False
129,Xe nào đỗ vi phạm quy tắc giao thông?,37,Chỉ xe mô tô.,13,Chỉ xe tải.,11,Cả ba xe.,9,Chỉ xe mô tô và xe tải.,23,4,3,Cả ba xe.,False,giao thông,False,False
130,Người lái xe có văn hóa giao thông khi tham gia giao thông đường bộ phải đáp ứng các điều kiện nào dưới đây?,108,"Hiểu biết và chấp hành nghiêm chỉnh pháp luật về giao thông đường bộ; có ý thức trách nhiệm với cộng đồng khi tham gia giao thông; tôn trọng, nhường nhịn,giúp đỡ và ứng xử có văn hóa với những người cùng tham gia giao thông.",224,"Điều khiển xe vượt quá tốc độ, đi không đúng làn đường.",55,,0,,0,2,1,"Hiểu biết và chấp hành nghiêm chỉnh pháp luật về giao thông đường bộ; có ý thức trách nhiệm với cộng đồng khi tham gia giao thông; tôn trọng, nhường nhịn,giúp đỡ và ứng xử có văn hóa với những người cùng tham gia giao thông.",False,giao thông,False,True
131,Người đủ 16 tuổi đến dưới 18 tuổi chỉ được điều khiển các loại xe nào dưới đây?,79,Xe mô tô hai bánh có dung tích xi-lanh đến 125 cm3.,51,Xe gắn máy.,11,3. Xe ô tô chở người đến 08 chỗ (không kể chỗ của người lái xe); xe ô tô tải và ô tô chuyên dùng có khối lượng toàn bộ theo thiết kế đến 3.500 kg; các loại xe ô tô quy định cho giấy phép lái xe hạng B kéo rơ moóc có khối lượng toàn bộ theo thiết kế đến 750 kg.,260,Cả ba ý trên.,13,4,2,Xe gắn máy.,False,tuổi,False,True
132,Người có Giấy phép lái xe mô tô hạng A1 không được phép điều khiển loại xe nào dưới đây?,88,Xe mô tô hai bánh có dung tích xi-lanh 125 cm3 hoặc có công suất động cơ điện đến 11 kW.,88,Xe mô tô ba bánh.,17,Cả hai ý trên.,14,,0,3,2,Xe mô tô ba bánh.,False,xe mô tô,False,True
133,"Biển nào báo hiệu ""Giao nhau với đường hai chiều""?",50,Biển 1.,7,Biển 2.,7,Biển 3.,8,,0,3,2,Biển 2.,False,biển,True,False
134,"Biển nào báo hiệu ""Giao nhau với đường sắt có rào chắn""?",56,Biển 1.,7,Biển 2 và biển 3.,17,Biển 3.,7,,0,3,1,Biển 1.,False,biển,True,True
135,"Việc sử dụng xe mô tô, xe gắn máy, xe thô sơ để vận chuyển hành khách, hàng hóa phải thực hiện các quy định nào dưới đây để đảm bảo an toàn giao thông?",151,Kiểm tra điều kiện bảo đảm an toàn của xe trước khi tham gia giao thông đường bộ; mang đủ giấy tờ theo quy định của pháp luật.,126,"Kiểm tra việc sắp xếp hàng hóa bảo đảm an toàn; không chở quá số người, chở hành lý, hàng hoá vượt quá khối lượng cho phép hoặc vượt quá khổ giới hạn của xe.",157,Cả hai ý trên.,14,,0,3,3,Cả hai ý trên.,False,xe mô tô,False,True
136,"Biển nào báo hiệu ""Tuyến đường cầu vượt cắt qua""?",49,Biển 1 và biển 2.,17,Biển 1 và biển 3.,17,Biển 2 và biển 3.,17,,0,3,1,Biển 1 và biển 2.,False,biển,True,False
137,"Muốn vượt xe phía trước, người lái xe mô tô phải có tín hiệu như thế nào dưới đây để bảo đảm an toàn?",101,Bấm còi liên tục để xe phía trước biết xe mình xin vượt.,56,Rú ga liên tục để xe phía trước biết xe mình xin vượt.,54,Báo hiệu nhấp nháy bằng đèn chiếu sáng phía trước hoặc còi.,59,,0,3,3,Báo hiệu nhấp nháy bằng đèn chiếu sáng phía trước hoặc còi.,False,xe mô tô,False,False
138,"Người điều khiển phương tiện tham giao thông đường bộ gây ra tai nạn giao thông đường bộ, người liên quan đến vụ tai nạn giao thông đường bộ có trách nhiệm gì dưới đây?",168,"Dừng ngay phương tiện, cảnh báo nguy hiểm, giữ nguyên hiện trường, trợ giúp người bị nạn và báo tin cho cơ quan Công an, cơ sở khám bệnh, chữa bệnh.",148,"Ở lại hiện trường vụ tai nạn giao thông đường bộ cho đến khi người của cơ quan Công an đến, trừ trường hợp phải đi cấp cứu, đưa người bị nạn đi cấp cứu hoặc xét thấy bị đe dọa đến tính mạng, sức khỏe nhưng phải đến trình báo ngay cơ quan Công an, Ủy ban nhân dân nơi gần nhất.",276,"Cung cấp thông tin xác định danh tính về bản thân, người liên quan đến vụ tai nạn giao thông đường bộ và thông tin liên quan của vụ tai nạn giao thông đường bộ cho cơ quan có thẩm quyền.",186,Cả ba ý trên.,13,4,4,Cả ba ý trên.,False,giao thông,False,True
139,"Biển này có hiệu lực đối với xe mô tô hai bánh, ba bánh chở hàng không?",71,Có.,4,Không.,6,,0,,0,2,1,Có.,False,xe mô tô,False,False
140,Hành vi nào sau đây bị nghiêm cấm?,34,"Điều khiển xe cơ giới lạng lách, đánh võng, rú ga liên tục khi tham gia giao thông trên đường.",94,"Xúc phạm, đe dọa, cản trở, chống đối hoặc không chấp hành hiệu lệnh, hướng dẫn, yêu cầu kiểm tra, kiểm soát của người thi hành công vụ về bảo đảm trật tự, an toàn giao thông đường bộ.",183,Cả hai ý trên.,14,,0,3,3,Cả hai ý trên.,False,cấm,False,True
141,"Biển nào (đặt trước ngã ba, ngã tư) cho phép xe được rẽ sang hướng khác?",72,Biển 1.,7,Biển 2.,7,Không biển nào.,15,,0,3,3,Không biển nào.,False,biển,True,False
142,Khổ giới hạn của đường bộ được hiểu như thế nào là đúng?,56,"Khổ giới hạn của đường bộ là khoảng trống có kích thước giới hạn về chiều rộng, chiều cao của đường bộ để các xe, bao gồm cả hàng hoá xếp trên xe đi qua được an toàn và được xác định theo quy chuẩn, tiêu chuẩn kỹ thuật của đường bộ.",232,"Là khoảng trống có kích thước giới hạn về chiều rộng của đường, cầu, bến phà, hầm trên đường bộ để các xe kể cả hàng hóa xếp trên xe đi qua được an toàn.",153,"Là khoảng trống có kích thước giới hạn về chiều cao của cầu, bến phà, hầm trên đường bộ để các xe đi qua được an toàn.",118,,0,3,1,"Khổ giới hạn của đường bộ là khoảng trống có kích thước giới hạn về chiều rộng, chiều cao của đường bộ để các xe, bao gồm cả hàng hoá xếp trên xe đi qua được an toàn và được xác định theo quy chuẩn, tiêu chuẩn kỹ thuật của đường bộ.",False,đường bộ,False,False
143,"Người được chở trên xe mô tô hai bánh, xe mô tô ba bánh, xe gắn máy khi tham gia giao thông đường bộ có được sử dụng ô khi trời mưa hay không?",142,Được sử dụng.,13,Chỉ người ngồi sau được sử dụng.,32,Không được sử dụng.,19,Được sử dụng nếu không có áo mưa.,33,4,3,Không được sử dụng.,False,xe mô tô,False,False
144,Khi điều khiển xe trên đường vòng người lái xe cần phải làm gì để bảo đảm an toàn?,82,"Quan sát cẩn thận các chướng ngại vật và báo hiệu bằng coi, đèn; giảm tốc độ tới mức cần thiết, về số thấp và thực hiện quay vòng với tốc độ phù hợp với bán kính cong của đường vòng.",182,"Quan sát cẩn thận các chướng ngại vật và báo hiệu bằng còi, đèn; tăng tốc để nhanh chóng qua đường vòng và giảm tốc độ sau khi qua đường vòng.",142,,0,,0,2,1,"Quan sát cẩn thận các chướng ngại vật và báo hiệu bằng coi, đèn; giảm tốc độ tới mức cần thiết, về số thấp và thực hiện quay vòng với tốc độ phù hợp với bán kính cong của đường vòng.",False,an toàn,False,False
145,Người lái xe được phép vượt xe khác về bên phải trong trường hợp nào dưới đây?,78,Xe phía trước có tín hiệu rẽ trái hoặc đang rẽ trái hoặc khi xe chuyên dùng đang làm việc trên đường mà không thể vượt bên trái.,128,Xe phía trước đang đi sát lề đường bên trái.,44,Cả hai ý trên.,14,,0,3,1,Xe phía trước có tín hiệu rẽ trái hoặc đang rẽ trái hoặc khi xe chuyên dùng đang làm việc trên đường mà không thể vượt bên trái.,False,vượt,False,True
146,Những thói quen nào dưới đây khi điều khiển xe mô tô tay ga tham gia giao thông dễ gây tai nạn nguy hiểm?,105,Sử dụng còi.,12,Phanh đồng thời cả phanh trước và phanh sau.,44,Chỉ sử dụng phanh trước.,24,,0,3,3,Chỉ sử dụng phanh trước.,False,xe mô tô,False,True
147,"Theo tín hiệu đèn, xe nào phải dừng lại là đúng quy tắc giao thông?",67,"Xe khách, xe mô tô.",19,"Xe tải, xe mô tô.",17,"Xe con, xe tải.",15,,0,3,3,"Xe con, xe tải.",False,giao thông,False,False
148,"Tại nơi đường giao nhau không có báo hiệu đi theo vòng xuyến, người điều khiển phương tiện phải nhường đường như thế nào là đúng quy tắc giao thông?",148,Phải nhường đường cho xe đi đến từ bên phải.,44,"Xe báo hiệu xin đường trước, xe đó được đi trước.",49,Phải nhường đường cho xe đi đến từ bên trái.,44,,0,3,1,Phải nhường đường cho xe đi đến từ bên phải.,False,giao thông,False,False
149,Bạn có được phép vượt xe mô tô phía trước không?,48,Cho phép.,9,Không được vượt.,16,,0,,0,2,2,Không được vượt.,False,xe mô tô,False,False
150,Các xe đi theo thứ tự nào là đúng quy tắc giao thông đường bộ?,62,"Xe của bạn, xe mô tô, xe đạp.",29,"Xe mô tô, xe đạp, xe của bạn.",29,"Xe đạp, xe mô tô, xe của bạn.",29,,0,3,3,"Xe đạp, xe mô tô, xe của bạn.",False,giao thông,False,False
151,Biển báo này có ý nghĩa như thế nào?,36,"Báo hiệu đường có ổ gà, lồi lõm.",32,Báo hiệu đường có gồ giảm tốc phía trước.,41,,0,,0,2,1,"Báo hiệu đường có ổ gà, lồi lõm.",False,biển,False,False
152,Người có Giấy phép lái xe mô tô hạng A được phép điều khiển loại xe nào dưới đây?,81,Xe mô tô hai bánh có dung tích xi-lanh đến 125 cm3 hoặc có công suất động cơ điện đến 11 kW.,92,Xe mô tô hai bánh có dung tích xi-lanh trên 125 cm3 hoặc có công suất động cơ điện trên 11 kW.,94,Cả hai ý trên.,14,,0,3,3,Cả hai ý trên.,False,xe mô tô,False,True
153,Biển nào xe được phép quay đầu nhưng không được rẽ trái?,56,Biển 1.,7,Biển 2.,7,Cả hai biển.,12,,0,3,1,Biển 1.,False,biển,True,False
154,"Khi lái xe trong đô thị và khu đông dân cư trong thời gian từ 22 giờ ngày hôm trước đến 05 giờ ngày hôm sau, nếu cần vượt một xe khác, người lái xe phải báo hiệu như thế nào là đúng quy tắc giao thông?",201,Chỉ được báo hiệu bằng còi.,27,Phải báo hiệu bằng cả còi và đèn.,33,Chỉ được báo hiệu bằng đèn.,27,,0,3,3,Chỉ được báo hiệu bằng đèn.,False,giao thông,False,False
155,"Tại đường ngang, cầu chung đường sắt, khi có hiệu lệnh của nhân viên gác chắn, đèn đỏ sáng nhấp nháy, chuông kêu, chắn đường bộ đang dịch chuyển hoặc đã đóng, người tham gia giao thông đường bộ phải làm gì để bảo đảm an toàn?",225,"Dừng lại về bên trái đường của mình, trước vạch dừng xe.",56,"Dừng lại giữa đường của mình, trước vạch dừng xe.",49,"Dừng lại về bên phải đường của mình, trước vạch dừng xe.",56,,0,3,3,"Dừng lại về bên phải đường của mình, trước vạch dừng xe.",False,giao thông,False,False
156,"Người lái xe phải nhanh chóng giảm tốc độ, đi sát lề đường bên phải hoặc dừng lại để nhường đường cho các loại xe nào dưới đây?",127,"Xe chữa cháy của Cảnh sát phòng cháy, chữa cháy và cứu nạn, cứu hộ và xe chữa cháy của các lực lượng khác; xe của lực lượng quân sự, công an và kiểm sát; đoàn xe có xe Cảnh sát giao thông dẫn đường; xe cứu thương; xe hộ đê không có tín hiệu ưu tiên theo quy định.",263,"Xe ưu tiên gồm xe chữa cháy của Cảnh sát phòng cháy, chữa cháy và cứu nạn, cứu hộ và xe chữa cháy của các lực lượng khác được huy động đi làm nhiệm vụ chữa cháy; xe của lực lượng quân sự, công an và kiểm sát đi làm nhiệm vụ khẩn cấp; đoàn xe có xe Cảnh sát giao thông dẫn đường; xe cứu thương đi làm nhiệm vụ cấp cứu; xe hộ đê đi làm nhiệm vụ; xe đi làm nhiệm vụ cứu nạn, cứu hộ, khắc phục sự cố thiên tai, dịch bệnh hoặc xe đi làm nhiệm vụ trong tình trạng khẩn cấp theo quy định của pháp luật; đoàn xe tang.",509,"Xe ô tô, xe máy, đoàn xe đang diễu hành có tổ chức có báo tín hiệu xin vượt bằng còi và đèn.",92,,0,3,2,"Xe ưu tiên gồm xe chữa cháy của Cảnh sát phòng cháy, chữa cháy và cứu nạn, cứu hộ và xe chữa cháy của các lực lượng khác được huy động đi làm nhiệm vụ chữa cháy; xe của lực lượng quân sự, công an và kiểm sát đi làm nhiệm vụ khẩn cấp; đoàn xe có xe Cảnh sát giao thông dẫn đường; xe cứu thương đi làm nhiệm vụ cấp cứu; xe hộ đê đi làm nhiệm vụ; xe đi làm nhiệm vụ cứu nạn, cứu hộ, khắc phục sự cố thiên tai, dịch bệnh hoặc xe đi làm nhiệm vụ trong tình trạng khẩn cấp theo quy định của pháp luật; đoàn xe tang.",False,tốc độ,False,True
157,Biển nào xe mô tô hai bánh được đi vào?,39,Biển 1 và 2.,12,Biển 1 và 3.,12,Biển 2 và 3.,12,,0,3,2,Biển 1 và 3.,False,xe mô tô,True,False
158,Phương tiện giao thông đường bộ gồm những loại nào?,51,Phương tiện giao thông cơ giới đường bộ.,40,"Phương tiện giao thông thô sơ đường bộ, xe máy chuyên dùng và các loại xe tương tự.",83,Cả hai ý trên.,14,,0,3,3,Cả hai ý trên.,False,giao thông,False,True
159,Ba biển này có hiệu lực như thế nào?,36,Cấm các loại xe ở biển phụ đi vào.,34,Cấm các loại xe cơ giới đi vào trừ loại xe ở biển phụ.,54,,0,,0,2,1,Cấm các loại xe ở biển phụ đi vào.,False,biển,False,False
160,"Biển nào báo hiệu phải giảm tốc độ, nhường đường cho xe cơ giới đi ngược chiều qua đường hẹp?",93,Biển 1.,7,Biển 2,6,Biển 3,6,,0,3,2,Biển 2,False,tốc độ,True,False
161,Biển nào báo hiệu sắp đến chỗ giao nhau nguy hiểm?,50,Biển 1.,7,Biển 1 và biển 2.,19,Biển 2 và biển 3.,19,Cả ba biển.,13,4,4,Cả ba biển.,False,biển,True,False
162,"Biển nào báo hiệu ""Hướng đi thẳng phải theo""?",45,Biển 1.,7,Biển 2,6,,0,,0,2,1,Biển 1.,False,biển,True,False
163,Người điều khiển phương tiện tham gia giao thông đường bộ gồm những đối tượng nào dưới đây?,91,"Người điều khiển xe cơ giới, người điều khiển xe thô sơ.",56,Người điều khiển xe máy chuyên dùng.,36,Cả hai ý trên.,14,,0,3,3,Cả hai ý trên.,False,giao thông,False,True
164,"Biển nào báo hiệu ""Đường đôi""?",30,Biển 1.,7,Biển 2.,7,Biển 3.,7,,0,3,3,Biển 3.,False,biển,True,False
165,Biển nào chỉ dẫn người lái xe đi được cả hai hướng?,51,Biển 1.,7,Biển 2.,7,,0,,0,2,2,Biển 2.,False,biển,True,False
166,"Khi điều khiển xe mô tô hai bánh, xe mô tô ba bánh, xe gắn máy, những hành vi nào sau đây không được phép?",106,"Buông cả hai tay; đứng, nằm trên xe điều khiển xe; sử dụng chân chống hoặc vật khác quệt xuống đường khi xe đang chạy.",118,"Chở tối đa hai người phía sau khi chở người bệnh đi cấp cứu, áp giải người có hành vi vi phạm pháp luật, trẻ em dưới 12 tuổi và người già yếu hoặc người khuyết tật.",164,,0,,0,2,1,"Buông cả hai tay; đứng, nằm trên xe điều khiển xe; sử dụng chân chống hoặc vật khác quệt xuống đường khi xe đang chạy.",False,xe mô tô,False,False
167,Xe nào đỗ vi phạm quy tắc giao thông?,37,Cả hai xe.,10,Không xe nào vi phạm.,21,Chỉ xe mô tô vi phạm.,21,Chỉ xe tải vi phạm.,19,4,1,Cả hai xe.,False,giao thông,False,False
168,"Trong các biển dưới đây biển nào là biển ""Hết tốc độ tối đa cho phép""?",70,Biển 1.,7,Biển 2.,7,Biển 3.,8,Cả ba biển.,12,4,1,Biển 1.,False,tốc độ,True,False
169,"Theo hướng mũi tên, những hướng nào xe mô tô được phép đi?",58,Cả ba hướng.,12,Hướng 1 và 2.,13,Hướng 1 và 3.,13,Hướng 2 và 3.,13,4,3,Hướng 1 và 3.,False,xe mô tô,False,False
170,"Người lái xe mô tô hai bánh, xe gắn máy được phép chở tối đa hai người trong những trường hợp nào?",98,Chở người bệnh đi cấp cứu; áp giải người có hành vi vi phạm pháp luật; trẻ em dưới 12 tuổi; người già yếu hoặc người khuyết tật.,128,"Người đã uống rượu, bia; người trong cơ thể có chất ma tuý.",59,Cả hai ý trên.,14,,0,3,1,Chở người bệnh đi cấp cứu; áp giải người có hành vi vi phạm pháp luật; trẻ em dưới 12 tuổi; người già yếu hoặc người khuyết tật.,False,xe mô tô,False,True
171,"Người tham gia giao thông đường bộ phải dừng lại về bên phải đường của mình trước vạch dừng xe tại đường ngang, cầu chung đường sắt khi có báo hiệu nào dưới đây?",161,Hiệu lệnh của nhân viên gác chắn.,33,"Đèn đỏ sáng nhấp nháy, chuông kêu.",34,Chắn đường bộ đang dịch chuyển hoặc đã đóng.,44,Cả ba ý trên.,13,4,4,Cả ba ý trên.,False,giao thông,False,True
172,Biển nào dưới đây xe gắn máy được phép đi vào?,46,Biển 1.,7,Biển 2.,7,Cả hai biển.,14,,0,3,3,Cả hai biển.,False,biển,True,False
173,Người có giấy phép lái xe đã bị trừ hết điểm phải làm gì để phục hồi điểm giấy phép lái xe?,91,"Không vi phạm pháp luật trật tự, an toàn giao thông đường bộ trong thời gian 12 tháng kể từ ngày bị trừ hết điểm.",113,"Sau thời hạn ít nhất là 06 tháng kể từ ngày bị trừ hết điểm, người có phép lái xe được tham gia kiểm tra nội dung kiến thức pháp luật về trật tự, an toàn giao thông đường bộ theo quy định, có kết quả đạt yêu cầu thì được phục hồi đủ 12 điểm.",241,Cả hai ý trên.,14,,0,3,2,"Sau thời hạn ít nhất là 06 tháng kể từ ngày bị trừ hết điểm, người có phép lái xe được tham gia kiểm tra nội dung kiến thức pháp luật về trật tự, an toàn giao thông đường bộ theo quy định, có kết quả đạt yêu cầu thì được phục hồi đủ 12 điểm.",False,giấy phép,False,True
174,"Biển nào báo hiệu ""Cửa chui""?",29,Biển 1.,7,Biển 2.,7,Biển 3.,7,,0,3,2,Biển 2.,False,biển,True,False
175,"Việc sản xuất, sử dụng, mua, bán trái phép biển số xe có bị nghiêm cấm hay không?",81,Không bị nghiêm cấm.,20,Bị nghiêm cấm.,14,Bị nghiêm cấm tuỳ trường hợp.,29,,0,3,2,Bị nghiêm cấm.,False,biển,False,False
176,Khi gặp hiệu lệnh điều khiển của Cảnh sát giao thông như hình dưới đây thì người tham gia giao thông đường bộ phải đi như thế nào là đúng quy tắc giao thông?,157,"Người tham gia giao thông đường bộ ở phía sau Cảnh sát giao thông được đi, các hướng khác phải dừng lại.",104,Người tham gia giao thông đường bộ được rẽ phải theo chiều mũi tên màu xanh ở bục Cảnh sát giao thông.,102,"Người tham gia giao thông đường bộ ở tất cả các hướng phải dừng lại, trừ các xe đã ở trong khu vực giao nhau.",109,"Người tham gia giao thông đường bộ ở phía trước Cảnh sát giao thông phải dừng lại, các hướng khác được đi.",106,4,3,"Người tham gia giao thông đường bộ ở tất cả các hướng phải dừng lại, trừ các xe đã ở trong khu vực giao nhau.",False,giao thông,False,False
177,Biển nào báo hiệu hạn chế tốc độ của phương tiện không vượt quá trị số ghi trên biển?,85,Biển 1.,7,Biển 2.,7,,0,,0,2,2,Biển 2.,False,tốc độ,True,False
178,Bạn có được phép vượt xe mô tô phía trước không?,48,Cho phép.,9,Không được vượt.,16,,0,,0,2,2,Không được vượt.,False,xe mô tô,False,False
179,Nơi nào cấm quay đầu xe?,24,"Ở phần đường dành cho người đi bộ qua đường, trên cầu, đầu cầu, gầm cầu vượt, ngầm.",83,"Tại nơi đường bộ giao nhau cùng mức với đường sắt, đường hẹp, đường dốc, đoạn đường cong tầm nhìn bị che khuất, trên đường cao tốc, trong hầm đường bộ, trên đường một chiều.",173,Cả hai ý trên.,14,,0,3,3,Cả hai ý trên.,False,cấm,False,True
180,Số 50 ghi trên biển báo dưới đây có ý nghĩa như thế nào?,56,Tốc độ tối đa các xe cơ giới được phép chạy.,44,Tốc độ tối thiểu các xe cơ giới được phép chạy.,47,,0,,0,2,1,Tốc độ tối đa các xe cơ giới được phép chạy.,False,biển,False,False
181,Khi hiệu lệnh của người điều khiển giao thông trái với tín hiệu đèn giao thông hoặc biển báo hiệu đường bộ thì người tham gia giao thông đường bộ phải chấp hành báo hiệu đường bộ nào dưới đây?,192,Theo hiệu lệnh của người điều khiển giao thông.,47,Theo tín hiệu đèn giao thông.,29,Theo biển báo hiệu đường bộ.,28,,0,3,1,Theo hiệu lệnh của người điều khiển giao thông.,False,biển,False,True
182,"Trách nhiệm của tổ chức, cá nhân đứng tên trong giấy chứng nhận đăng ký xe khi chưa thực hiện thu hồi chứng nhận đăng ký xe, biển số xe được quy định như thế nào?",162,Tiếp tục chịu trách nhiệm của chủ xe.,37,"Không chịu trách nhiệm sau khi đã chuyển nhượng, trao đổi, tặng, cho.",69,,0,,0,2,1,Tiếp tục chịu trách nhiệm của chủ xe.,False,biển,False,False
183,Biển nào xe được phép rẽ trái?,30,Biển 1.,7,Biển 2.,7,Không biển nào.,17,,0,3,2,Biển 2.,False,biển,True,False
184,"Trước khi cho xe chuyển hướng, người lái xe phải làm gì để bảo đảm an toàn giao thông?",86,"Phải quan sát, bảo đảm khoảng cách an toàn với xe phía sau.",59,Giảm tốc độ và có tín hiệu báo hướng rẽ.,40,"Chuyển dần sang làn gần nhất với hướng rẽ. Khi bảo đảm an toàn, không gây trở ngại cho người và phương tiện khác mới được chuyển hướng.",135,Cả ba ý trên.,13,4,4,Cả ba ý trên.,False,giao thông,False,True
185,"Tại nơi đường giao nhau có báo hiệu đi theo vòng xuyến, người lái xe phải nhường đường như thế nào là đúng quy tắc giao thông?",126,Nhường đường cho xe đi đến từ bên phải.,39,Nhường đường cho xe đi đến từ bên trái.,39,Không phải nhường đường.,24,,0,3,2,Nhường đường cho xe đi đến từ bên trái.,False,giao thông,False,False
186,"Trên đường bộ ngoài khu vực đông dân cư, đường hai chiều hoặc đường một chiều có một làn xe cơ giới (trừ đường cao tốc), loại xe nào dưới đây được tham gia giao thông với tốc độ khai thác tối đa cho phép là 60 km/h?",215,"Xe ô tô chở người đến 28 chỗ không kể chỗ của người lái xe (trừ xe buýt); ô tô tải có trọng tải không lớn hơn 3,5 tấn.",118,"Xe ô tô chở người trên 28 chỗ không kể chỗ người lái xe (trừ xe buýt); ô tô tải có trọng tải trên 3,5 tấn (trừ ô tô xi téc).",124,"Xe buýt; ô tô đầu kéo kéo sơ mi rơ moóc (trừ ô tô đầu kéo kéo sơ mi rơ moóc xi téc); xe mô tô; ô tô chuyên dùng (trừ ô tô trộn vữa, ô tô trộn bê tông lưu động).",160,"Ô tô kéo rơ moóc; ô tô kéo xe khác; ô tô trộn vữa, ô tô trộn bê tông lưu động, ô tô xi téc, ô tô đầu kéo kéo sơ mi rơ moóc xi téc, ô tô kéo theo rơ moóc xi téc.",160,4,3,"Xe buýt; ô tô đầu kéo kéo sơ mi rơ moóc (trừ ô tô đầu kéo kéo sơ mi rơ moóc xi téc); xe mô tô; ô tô chuyên dùng (trừ ô tô trộn vữa, ô tô trộn bê tông lưu động).",False,tốc độ,False,False
187,Gương chiếu hậu của xe mô tô hai bánh có tác dụng gì dưới đây?,62,Để quan sát an toàn phía bên trái khi chuẩn bị rẽ trái.,55,Để quan sát an toàn phía bên phải khi chuẩn bị rẽ phải.,55,Để quan sát an toàn phía sau của bên trái và bên phải trước khi chuyển hướng.,77,Để quan sát an toàn phía trước cả bên trái và bên phải trước khi chuyển hướng.,78,4,3,Để quan sát an toàn phía sau của bên trái và bên phải trước khi chuyển hướng.,False,xe mô tô,False,False
188,Gặp biển nào người tham gia giao thông phải đi chậm và thận trọng đề phòng khả năng xuất hiện và di chuyển bất ngờ của trẻ em trên mặt đường?,141,Biển 1.,7,Biển 2.,7,,0,,0,2,2,Biển 2.,False,biển,True,False
189,Hai biển này có ý nghĩa như thế nào?,36,Để chỉ nơi đường sắt giao vuông góc với đường bộ không có rào chắn.,67,"Để báo trước sắp đến vị trí giao cắt đường bộ với đường sắt cùng mức, không vuông góc và không có người gác, không có rào chắn.",127,Nơi đường sắt giao nhau với đường bộ.,37,,0,3,1,Để chỉ nơi đường sắt giao vuông góc với đường bộ không có rào chắn.,False,biển,False,True
190,Các xe đi theo thứ tự nào là đúng quy tắc giao thông đường bộ?,62,"Xe của bạn, xe mô tô, xe con.",29,"Xe con, xe của bạn, xe mô tô.",29,"Xe mô tô, xe con, xe của bạn.",29,,0,3,2,"Xe con, xe của bạn, xe mô tô.",False,giao thông,False,False
191,Người lái xe sử dụng đèn như thế nào khi đi trên các đoạn đường qua khu đông dân cư có hệ thống chiếu sáng đang hoạt động?,122,Chỉ bật đèn chiếu xa (đèn pha).,31,"Bật đèn chiếu xa (đèn pha) khi đường vắng, bật đèn chiếu gần (đèn cốt) khi có xe đi ngược chiều.",96,Chỉ bật đèn chiếu gần (đèn cốt).,32,,0,3,3,Chỉ bật đèn chiếu gần (đèn cốt).,False,đèn,False,True
192,Biển này có ý nghĩa như thế nào?,32,Cấm dừng xe về hướng bên trái.,30,Cấm dừng và đỗ xe theo hướng bên phải.,38,Được phép đỗ xe và dừng xe theo hướng bên phải.,47,,0,3,2,Cấm dừng và đỗ xe theo hướng bên phải.,False,biển,False,False
193,"Gặp biển báo dưới đây, người lái xe có bắt buộc phải chạy vòng theo đảo an toàn theo hướng mũi tên khi muốn chuyển hướng hay không?",131,Bắt buộc.,9,Không bắt buộc.,15,,0,,0,2,1,Bắt buộc.,False,biển,False,False
194,Các biện pháp tiết kiệm nhiên liệu khi chạy xe?,47,Bảo dưỡng xe theo định kỳ và có kế hoạch lộ trình trước khi xe chạy.,68,Kiểm tra áp suất lốp theo quy định và chạy xe với tốc độ phù hợp với tình trạng mặt đường và mật độ giao thông trên đường.,122,Cả hai ý trên.,14,,0,3,3,Cả hai ý trên.,False,biện,False,True
195,Thứ tự xuống phà như thế nào là đúng quy tắc giao thông?,56,"Xe thô sơ, người đi bộ xuống trước, xe cơ giới, xe máy chuyên dùng xuống sau.",77,"Xe cơ giới, xe máy chuyên dùng xuống trước, xe thô sơ, người đi bộ xuống sau.",77,"Xe cơ giới, xe thô sơ xuống trước, xe máy chuyên dùng, người đi bộ xuống sau.",77,,0,3,2,"Xe cơ giới, xe máy chuyên dùng xuống trước, xe thô sơ, người đi bộ xuống sau.",False,giao thông,False,False
196,"Khi điều khiển xe qua đường sắt, người lái xe cần phải thực hiện các thao tác nào dưới đây để bảo đảm an toàn?",110,"Khi có chuông báo hoặc thanh chắn đã hạ xuống, người lái xe phải dừng xe tạm thời đúng khoảng cách an toàn, kéo phanh tay nếu đường dốc hoặc phải chờ lâu",153,"Khi không có chuông báo hoặc thanh chắn không hạ xuống, người lái xe cần phải quan sát nếu thấy đủ điều kiện an toàn thì về số thấp, tăng ga nhẹ và không thay đổi số trong quá trình vượt qua đường sắt để tránh động cơ chết máy cho xe cho vượt qua.",247,Cả hai ý trên.,14,,0,3,3,Cả hai ý trên.,False,đường sắt,False,True
197,"Người lái xe không điều khiển xe đi đúng làn đường quy định, phóng nhanh, vượt ẩu, vượt đèn đỏ, đi vào đường cấm được coi là hành vi nào trong các hành vi dưới đây?",164,"Là thiếu văn hóa giao thông, vi phạm pháp luật về trật tự, an toàn giao thông đường bộ.",87,Là thiếu văn hóa giao thông.,28,,0,,0,2,1,"Là thiếu văn hóa giao thông, vi phạm pháp luật về trật tự, an toàn giao thông đường bộ.",False,cấm,False,True
198,Khi gặp hiệu lệnh điều khiển của Cảnh Sát Giao Thông như hình dưới đây thì người tham gia giao thông đường bộ phải đi như thế nào là đúng quy tắc giao thông?,157,Người tham gia giao thông đường bộ ở các hướng phải dừng lại.,61,Người tham gia giao thông đường bộ ở các hướng được đi theo chiều gậy chỉ của Cảnh sát giao thông.,98,Người tham gia giao thông đường bộ ở phía trước và phía sau người điều khiển được đi tất cả các hướng; người tham gia giao thông đường bộ ở phía bên phải và phía bên trái người điều khiển phải dừng lại.,202,Người tham gia giao thông đường bộ ở phía trước và phía sau người điều khiển phải dừng lại; người tham gia giao thông đường bộ ở phía bên phải và phía bên trái người điều khiển được đi tất cả các hướng.,202,4,4,Người tham gia giao thông đường bộ ở phía trước và phía sau người điều khiển phải dừng lại; người tham gia giao thông đường bộ ở phía bên phải và phía bên trái người điều khiển được đi tất cả các hướng.,False,giao thông,False,False
199,"Theo hướng mũi tên, thứ tự các xe đi như thế nào là đúng quy tắc giao thông?",76,"Xe tải, xe con, xe mô tô.",25,"Xe con, xe tải, xe mô tô.",25,"Xe mô tô, xe con, xe tải.",25,"Xe con, xe mô tô, xe tải.",25,4,3,"Xe mô tô, xe con, xe tải.",False,giao thông,False,False
200,"Các xe đi theo hướng mũi tên, xe nào vi phạm quy tắc giao thông?",64,"Xe con, xe tải, xe khách.",25,"Xe tải, xe khách, xe mô tô.",27,"Xe khách, xe mô tô, xe con.",27,Cả bốn xe.,10,4,2,"Xe tải, xe khách, xe mô tô.",False,giao thông,False,True
201,"Trên đường bộ, trong khu vực đông dân cư, đường đôi hoặc đường một chiều có từ hai làn xe cơ giới trở lên, xe mô tô hai bánh, ô tô chở người đến 28 chỗ không kể chỗ của người lái xe tham gia giao thông với tốc độ khai thác tối đa cho phép là bao nhiêu?",252,60 km/h.,8,50 km/h.,8,40 km/h.,8,,0,3,1,60 km/h.,False,xe mô tô,False,False
202,Người có mặt tại nơi xảy ra vụ tai giao thông đường bộ có trách nhiệm gì dưới đây?,82,"Giúp đỡ, cứu chữa kịp thời người bị nạn; báo tin ngay cho cơ quan Công an, cơ sở khám bệnh, chữa bệnh hoặc Ủy ban nhân dân nơi gần nhất; tham gia bảo vệ hiện trường; tham gia bảo vệ tài sản của người bị nạn; cung cấp thông tin liên quan về vụ tai nạn theo yêu cầu của cơ quan có thẩm quyền.",290,Chụp lại hình ảnh vụ tai nạn (nếu có thiết bị ghi hình) và nhanh chóng rời khỏi hiện trường vụ tai nạn.,103,Cả hai ý trên.,14,,0,3,1,"Giúp đỡ, cứu chữa kịp thời người bị nạn; báo tin ngay cho cơ quan Công an, cơ sở khám bệnh, chữa bệnh hoặc Ủy ban nhân dân nơi gần nhất; tham gia bảo vệ hiện trường; tham gia bảo vệ tài sản của người bị nạn; cung cấp thông tin liên quan về vụ tai nạn theo yêu cầu của cơ quan có thẩm quyền.",False,giao thông,False,True
203,Biển báo dưới đây có ý nghĩa như thế nào?,41,Báo hiệu tốc độ tối đa cho phép các xe cơ giới chạy.,52,Báo hiệu tốc độ tối thiểu cho phép các xe cơ giới chạy.,55,,0,,0,2,2,Báo hiệu tốc độ tối thiểu cho phép các xe cơ giới chạy.,False,biển,False,False
204,"Biển nào báo hiệu ""Giao nhau có tín hiệu đèn""?",46,Biển 1.,7,Biển 2.,7,Biển 3.,7,Cả ba biển.,11,4,3,Biển 3.,False,biển,True,False
205,"Khi đèn pha của xe đi ngược chiều gây chói mắt, làm giảm khả năng quan sát trên đường, người lái xe xử lý như thế nào dưới đây để bảo đảm an toàn?",146,"Giảm tốc độ, giữ vững tay lái, nhìn chếch sang lề đường bên phải.",65,Bật đèn pha chiếu xa và giữ nguyên tốc độ.,42,"Tăng tốc độ, bật đèn pha đối diện xe phía trước.",48,,0,3,1,"Giảm tốc độ, giữ vững tay lái, nhìn chếch sang lề đường bên phải.",False,an toàn,False,False
206,"Trong các trường hợp dưới đây, để bảo đảm an toàn khi tham gia giao thông, người lái xe mô tô cần thực hiện như thế nào?",120,"Phải đội mũ bảo hiểm theo đúng quy chuẩn kỹ thuật quốc gia và cài quai đúng quy cách, không sử dụng ô, điện thoại di động, thiết bị âm thanh (trừ thiết bị trợ thính).",166,"Phải đội mũ bảo hiểm khi trời mưa gió hoặc trời quá nắng; có thể sử dụng ô, điện thoại di động, thiết bị âm thanh nhưng phải bảo đảm an toàn.",141,Phải đội mũ bảo hiểm khi cảm thấy mất an toàn giao thông hoặc khi chuẩn bị di chuyển quãng đường xa.,100,,0,3,1,"Phải đội mũ bảo hiểm theo đúng quy chuẩn kỹ thuật quốc gia và cài quai đúng quy cách, không sử dụng ô, điện thoại di động, thiết bị âm thanh (trừ thiết bị trợ thính).",False,xe mô tô,False,False
207,"Biển nào báo hiệu ""Giao nhau với đường hai chiều""?",50,Biển 1.,7,Biển 2.,7,Biển 3.,8,,0,3,1,Biển 1.,False,biển,True,False
208,Hành vi đua xe trái phép bị xử lý như thế nào?,46,Chỉ bị nhắc nhở.,16,Tùy theo mức độ của hành vi vi phạm có thể bị xử lý hành chính hoặc xử lý hình sự.,82,,0,,0,2,2,Tùy theo mức độ của hành vi vi phạm có thể bị xử lý hành chính hoặc xử lý hình sự.,False,hành,False,False
209,Biển nào xe quay đầu không bị cấm?,34,Biển 1.,7,Biển 2.,7,Cả hai biển.,12,,0,3,3,Cả hai biển.,False,biển,True,False
210,Hành vi nào sau đây bị cấm?,27,"Lắp đặt, sử dụng thiết bị âm thanh, ánh sáng trên xe cơ giới, xe máy chuyên dùng gây mất trật tự, an toàn giao thông đường bộ.",126,"Cản trở người, phương tiện tham gia giao thông trên đường bộ; ném gạch, đất, đá, cát hoặc vật thể khác vào người, phương tiện đang tham gia giao thông trên đường bộ.",165,Cả hai ý trên.,14,,0,3,3,Cả hai ý trên.,False,cấm,False,True
211,"Biển nào sau đây là biển ""Dốc xuống nguy hiểm""?",47,Biển 1.,7,Biển 2.,7,,0,,0,2,1,Biển 1.,False,biển,True,False
212,"Theo hướng mũi tên, xe nào chấp hành đúng quy tắc giao thông?",61,"Xe khách, xe tải, xe mô tô.",27,"Xe tải, xe mô tô.",17,Chỉ xe con.,11,Cả bốn xe.,10,4,3,Chỉ xe con.,False,giao thông,False,True
213,"Theo hướng mũi tên, thứ tự các xe đi như thế nào là đúng quy tắc giao thông?",76,"Xe khách, xe tải, xe mô tô, xe con.",35,"Xe con, xe khách, xe tải, xe mô tô.",35,"Xe mô tô, xe tải, xe khách, xe con.",35,"Xe mô tô, xe tải, xe con, xe khách.",35,4,3,"Xe mô tô, xe tải, xe khách, xe con.",False,giao thông,False,False
214,Xe nào được quyền đi trước trong trường hợp này?,48,Xe mô tô.,9,Xe con.,7,,0,,0,2,1,Xe mô tô.,False,quyền,False,False
215,"Khi tầm nhìn bị hạn chế bởi sương mù hoặc mưa to, người lái xe phải thực hiện các thao tác nào để bảo đảm an toàn?",114,"Tăng tốc độ, chạy gần xe trước, nhìn đèn hậu để định hướng.",59,"Giảm tốc độ, chạy cách xa xe trước với khoảng cách an toàn, bật đèn sương mù và đèn chiếu gần.",94,"Tăng tốc độ, bật đèn pha vượt qua xe chạy trước.",48,,0,3,2,"Giảm tốc độ, chạy cách xa xe trước với khoảng cách an toàn, bật đèn sương mù và đèn chiếu gần.",False,an toàn,False,True
216,"Biển nào báo hiệu ""Giao nhau với đường không ưu tiên""?",54,Biển 1.,7,Biển 2.,7,Biển 3.,7,Biển 2 và biển 3.,20,4,1,Biển 1.,False,biển,True,False
217,"Trong trường hợp này, thứ tự xe đi như thế nào là đúng quy tắc giao thông?",74,"Xe công an đi làm nhiệm vụ khẩn cấp, xe quân sự đi làm nhiệm vụ khẩn cấp, xe con + xe mô tô.",92,"Xe quân sự đi làm nhiệm vụ khẩn cấp, xe công an đi làm nhiệm vụ khẩn cấp, xe con + xe mô tô.",92,"Xe mô tô + xe con, xe quân sự đi làm nhiệm vụ khẩn cấp, xe công an đi làm nhiệm vụ khẩn cấp.",92,,0,3,2,"Xe quân sự đi làm nhiệm vụ khẩn cấp, xe công an đi làm nhiệm vụ khẩn cấp, xe con + xe mô tô.",False,giao thông,False,False
218,"Khi chuyển làn đường, người lái xe phải bật đèn tín hiệu báo rẽ như thế nào là đúng quy tắc giao thông?",103,Khi bắt đầu chuyển làn đường.,29,Trước khi thay đổi làn đường.,29,Sau khi thay đổi làn đường.,27,,0,3,2,Trước khi thay đổi làn đường.,False,giao thông,False,False
219,Biển nào chỉ dẫn cho người đi bộ sử dụng hầm chui qua đường?,60,Biển 1.,7,Biển 2.,7,Cả hai biển.,14,Không biển nào.,17,4,2,Biển 2.,False,biển,True,False
220,"Khi tránh xe đi ngược chiều, các xe phải nhường đường như thế nào là đúng quy tắc giao thông?",93,"Nơi đường hẹp chỉ đủ cho một xe chạy và có chỗ tránh xe thì xe nào ở gần chỗ tránh hơn phải vào vị trí tránh, nhường đường cho xe đi ngược chiều.",145,Xe xuống dốc phải nhường đường cho xe lên dốc.,46,Xe có chướng ngại vật phía trước phải nhường đường cho xe không có chướng ngại vật phía trước.,94,Cả ba ý trên.,13,4,4,Cả ba ý trên.,False,giao thông,False,True
221,Biển báo này có ý nghĩa như thế nào?,36,Tốc độ tối đa cho phép về ban đêm cho các phương tiện là 70 km/h.,65,Tốc độ tối thiểu cho phép về ban đêm cho các phương tiện là 70 km/h.,68,,0,,0,2,1,Tốc độ tối đa cho phép về ban đêm cho các phương tiện là 70 km/h.,False,biển,False,False
222,"Những trường hợp nào dưới đây không được đi trên đường cao tốc, trừ người, phương tiện giao thông đường bộ và thiết bị phục vụ việc quản lý, bảo trì đường cao tốc?",163,"Xe máy chuyên dùng có tốc độ thiết kế nhỏ hơn tốc độ tối thiểu quy định đối với đường cao tốc, xe chở người bốn bánh có gắn động cơ, xe chở hàng bốn bánh có gắn động cơ, xe mô tô, xe gắn máy, các loại xe tương tự xe mô tô, xe gắn máy, xe thô sơ, người đi bộ.",258,Xe máy chuyên dùng có tốc độ thiết kế lớn hơn tốc độ tối thiểu quy định đối với đường cao tốc.,94,Xe ô tô và xe máy chuyên dùng có tốc độ thiết kế lớn hơn 80 km/h.,65,,0,3,1,"Xe máy chuyên dùng có tốc độ thiết kế nhỏ hơn tốc độ tối thiểu quy định đối với đường cao tốc, xe chở người bốn bánh có gắn động cơ, xe chở hàng bốn bánh có gắn động cơ, xe mô tô, xe gắn máy, các loại xe tương tự xe mô tô, xe gắn máy, xe thô sơ, người đi bộ.",False,giao thông,False,True
223,"Khi điều khiển xe mô tô quay đầu, người lái xe cần thực hiện như thế nào để bảo đảm an toàn?",92,"Bật tín hiệu báo rẽ trước khi quay đầu, từ từ giảm tốc độ đến mức có thể dừng lại.",82,Chỉ quay đầu xe tại những nơi được phép quay đầu.,49,"Quan sát an toàn các phương tiện tới từ phía trước, phía sau, hai bên đồng thời nhường đường cho xe từ bên phải và phía trước đi tới.",133,Cả ba ý trên.,13,4,4,Cả ba ý trên.,False,xe mô tô,False,True
224,Vạch kẻ đường là gì?,20,Là báo hiệu đường bộ để hỗ trợ cảnh báo nguy hiểm cho người tham gia giao thông đường bộ.,89,"Là vạch chỉ sự phân chia làn đường, vị trí hoặc hướng đi, vị trí dừng lại.",74,Là báo hiệu cho người tham gia giao thông đường bộ về các thông tin của đường bộ.,81,Cả ba ý trên.,13,4,2,"Là vạch chỉ sự phân chia làn đường, vị trí hoặc hướng đi, vị trí dừng lại.",False,vạch,False,True
225,"Khi lái xe trong khu đông dân cư, khu vực cơ sở khám bệnh, chữa bệnh trừ các khu vực có biển cấm sử dụng còi, người lái xe được sử dụng còi trong thời gian nào?",160,Từ 22 giờ ngày hôm trước đến 05 giờ ngày hôm sau.,49,Từ 05 giờ đến 22 giờ.,21,Từ 23 giờ ngày hôm trước đến 05 giờ sáng hôm sau.,49,,0,3,2,Từ 05 giờ đến 22 giờ.,False,biển,False,False
226,Biển nào xe được phép rẽ trái?,30,Biển 1.,7,Biển 2.,7,Không biển nào.,17,,0,3,2,Biển 2.,False,biển,True,False
227,Người lái xe được hiểu như thế nào là đúng?,43,Là người điều khiển xe cơ giới.,31,Là người điều khiển xe thô sơ.,30,Là người điều khiển xe máy chuyên dùng.,39,,0,3,1,Là người điều khiển xe cơ giới.,False,hiểu,False,False
228,"Biển nào báo hiệu ""Chú ý chướng ngại vật""?",42,Biển 1.,7,Biển 2 và biển 3.,19,Biển 3.,7,,0,3,2,Biển 2 và biển 3.,False,biển,True,True
229,"Hành vi đưa xe cơ giới, xe máy chuyên dùng tham gia giao thông đường bộ nào dưới đây bị cấm?",92,Không có chứng nhận kiểm định an toàn kỹ thuật và bảo vệ môi trường.,68,Hết niên hạn sử dụng.,21,Cả hai ý trên.,14,,0,3,3,Cả hai ý trên.,False,giao thông,False,True
230,Biển nào không cho phép rẽ phải?,32,Biển 1.,7,Biển 2.,7,Biển 3.,7,Biển 1 và biển 3.,20,4,1,Biển 1.,False,biển,True,False
231,Các biển báo này có ý nghĩa như thế nào?,40,Để báo trước gần tới đoạn đường có hiện tượng đất đá từ trên ta luy dương sụt lở bất ngờ gây nguy hiểm cho xe cộ và người đi đường.,131,"Để báo trước nơi có kết cấu mặt đường rời rạc, khi phương tiện đi qua, làm cho các viên đá, sỏi văng lên gây nguy hiểm và mất an toàn cho người và phương tiện tham gia giao thông.",179,"Để cảnh báo những đoạn nền đường yếu, đoạn đường đang theo dõi lún mà việc vận hành xe ở tốc độ cao có thể gây nguy hiểm.",121,,0,3,1,Để báo trước gần tới đoạn đường có hiện tượng đất đá từ trên ta luy dương sụt lở bất ngờ gây nguy hiểm cho xe cộ và người đi đường.,False,biển,False,False
232,"Người điều khiển phương tiện tham gia giao thông không được dừng xe, đỗ xe ở những vị trí nào sau đây?",102,"Trên miệng cống thoát nước, miệng hầm của đường điện thoại, điện cao thế, chỗ dành riêng cho xe chữa cháy lấy nước.",115,Trong phạm vi an toàn của đường sắt.,36,Cả hai ý trên.,14,,0,3,3,Cả hai ý trên.,False,giao thông,False,True
233,"Khi gặp biển nào thì các phương tiện không được đi vào, trừ xe ô tô và xe mô tô?",80,Biển 1.,7,Biển 2.,7,,0,,0,2,1,Biển 1.,False,xe mô tô,True,False
234,"Biển nào chỉ dẫn ""Được ưu tiên qua đường hẹp""?",46,Biển 1.,7,Biển 2.,7,Biển 3.,7,Cả 2 và biển 3.,17,4,3,Biển 3.,False,biển,True,False
235,"Theo quy định về độ tuổi, người đủ bao nhiêu tuổi trở lên thì được cấp giấy phép lái xe mô tô hai bánh có dung tích xi lanh đến 125 cm3 và xe ô tô chở người đến 8 chỗ (không kể chỗ của người lái xe); xe ô tô tải và ô tô chuyên dùng có khối lượng toàn bộ theo thiết kế đến 3.500 kg?",281,16 tuổi.,8,17 tuổi,7,18 tuổi.,8,,0,3,3,18 tuổi.,False,xe mô tô,False,False
236,Các hành vi nào sau đây bị cấm đối với phương tiện tham gia giao thông đường bộ?,80,"Cải tạo xe ô tô loại khác thành xe ô tô chở người phục vụ mục đích quốc phòng, an ninh.",87,"Cải tạo trái phép; cố ý can thiệp làm sai lệch chỉ số trên đồng hồ báo quãng đường đã chạy của xe ô tô; cắt, hàn, tẩy xóa, đục sửa, đóng lại trái phép số khung, số động cơ của xe cơ giới, xe máy chuyên dùng.",207,,0,,0,2,2,"Cải tạo trái phép; cố ý can thiệp làm sai lệch chỉ số trên đồng hồ báo quãng đường đã chạy của xe ô tô; cắt, hàn, tẩy xóa, đục sửa, đóng lại trái phép số khung, số động cơ của xe cơ giới, xe máy chuyên dùng.",False,giao thông,False,False
237,Biển nào dưới đây báo hiệu gần đến đoạn đường thường có trẻ em đi ngang qua?,76,Biển 1.,7,Biển 2.,7,Biển 3.,7,Cả ba biển.,12,4,2,Biển 2.,False,biển,True,False
238,Biển nào dưới đây các phương tiện không được phép đi vào?,57,Biển 1.,7,Biển 2.,7,Biển 1 và biển 2.,17,,0,3,3,Biển 1 và biển 2.,False,biển,True,False
239,Những hành vi nào sau đây thể hiện là người có văn hóa giao thông?,66,"Luôn tuân thủ pháp luật về trật tự, an toàn giao thông đường bộ, nhường nhịn và giúp đỡ người khác.",99,"Đi nhanh, vượt đèn đỏ nếu không có lực lượng Công an.",53,Bấm còi và nháy đèn liên tục để cảnh báo xe khác.,49,Tránh nhường đường để đi nhanh hơn.,35,4,1,"Luôn tuân thủ pháp luật về trật tự, an toàn giao thông đường bộ, nhường nhịn và giúp đỡ người khác.",False,giao thông,False,True
240,"Khi điều khiển phương tiện tham gia giao thông, những hành vi nào dưới đây bị nghiêm cấm?",89,Thay đổi tốc độ của xe nhiều lần.,33,Điều khiển phương tiện sau 23 giờ trong ngày.,45,"Lạng lách, đánh võng, rú ga liên tục.",37,,0,3,3,"Lạng lách, đánh võng, rú ga liên tục.",False,giao thông,False,False
241,Xe nào được quyền đi trước trong trường hợp này?,48,Xe mô tô.,9,Xe cứu thương đi làm nhiệm vụ cấp cứu.,38,,0,,0,2,2,Xe cứu thương đi làm nhiệm vụ cấp cứu.,False,quyền,False,False
242,"“Người tham gia giao thông đường bộ"" gồm những đối tượng nào?",61,"Người điều khiển, người được chở trên phương tiện tham gia giao thông đường bộ",78,"Người điều khiển, dẫn dắt vật nuôi trên đường bộ; người đi bộ trên đường bộ.",76,Cả hai ý trên.,14,,0,3,3,Cả hai ý trên.,False,giao thông,False,True
243,"Hành vi giao xe ô tô, mô tô cho người nào sau đây tham gia giao thông đường bộ bị nghiêm cấm?",93,Người chưa đủ tuổi theo quy định.,33,Người không có giấy phép lái xe.,32,Người có giấy phép lái xe nhưng đã bị trừ hết 12 điểm.,54,Cả ba ý trên.,13,4,4,Cả ba ý trên.,False,giao thông,False,True
244,"Trong hình dưới đây, xe nào chấp hành đúng quy tắc giao thông?",62,"Chỉ xe khách, xe mô tô.",23,Tất cả các loại xe trên.,24,Không xe nào chấp hành đúng quy tắc giao thông.,47,,0,3,2,Tất cả các loại xe trên.,False,giao thông,False,False
245,"Theo tín hiệu đèn, xe nào đi là đúng quy tắc giao thông?",56,"Xe khách, xe mô tô.",19,"Xe con, xe tải.",15,"Xe tải, xe mô tô.",17,,0,3,2,"Xe con, xe tải.",False,giao thông,False,False
246,"Trong hình dưới, những xe nào vi phạm quy tắc giao thông?",57,"Xe con (E), xe mô tô (C).",25,"Xe tải (A), xe mô tô (D).",25,"Xe khách (B), xe mô tô (C).",27,"Xe khách (B), xe mô tô (D).",27,4,1,"Xe con (E), xe mô tô (C).",False,giao thông,False,False
247,Tổ chức đua xe được phép thực hiện khi nào?,43,Trên đường phố không có người qua lại.,38,Được người dân ủng hộ.,22,Được cơ quan có thẩm quyền cấp phép.,36,,0,3,3,Được cơ quan có thẩm quyền cấp phép.,False,chức,False,False
248,"Theo tín hiệu đèn của xe cơ giới, xe nào vi phạm quy tắc giao thông?",68,Xe mô tô.,9,Xe ô tô con.,12,Không xe nào vi phạm.,23,Cả hai xe.,11,4,4,Cả hai xe.,False,giao thông,False,True
249,Biển này có ý nghĩa như thế nào?,32,Cấm xe cơ giới (trừ xe ưu tiên theo luật định) đi thẳng.,56,Cấm các loại xe cơ giới và xe mô tô (trừ xe ưu tiên theo luật định) đi về bên trái và bên phải.,95,Hướng trái và phải không cấm xe cơ giới.,40,,0,3,2,Cấm các loại xe cơ giới và xe mô tô (trừ xe ưu tiên theo luật định) đi về bên trái và bên phải.,False,biển,False,True
250,"Biển nào cho phép được quay đầu xe đi theo hướng ngược lại khi đặt biển trước ngã ba, ngã tư?",93,Biển 1.,7,Biển 2.,7,Biển 3.,7,Không biển nào.,17,4,3,Biển 3.,False,biển,True,False
